time,deviceName,temperature,humidity,pressure_hPa,battery_mV,battery_pct,rssi,snr
2025-12-27 00:00:32,NODO 1.15,23.36,96.86,1006.0,3851.0,87.6,-115,-1.5
2025-12-27 00:01:51,NODO 1.6,22.89,90.62,1005.0,3886.0,87.3,-88,13.5
2025-12-27 00:02:54,NODO 1.4,24.55,77.61,1005.0,3945.0,87.4,-106,8.3
2025-12-27 00:03:10,NODO 1.17,24.22,78.25,1005.0,3891.0,87.1,-89,11.5
2025-12-27 00:05:37,NODO 1.26,24.6,83.91,1006.0,3891.0,87.1,-108,6.8
2025-12-27 00:06:05,NODO 1.14,24.69,84.1,1005.0,3915.0,87.8,-93,13.8
2025-12-27 00:06:07,NODO 1.22,24.53,82.08,1004.0,3915.0,88.1,-100,12.3
2025-12-27 00:07:21,NODO 1.2,24.91,87.44,1005.0,3900.0,87.6,-99,12.5
2025-12-27 00:07:24,NODO 1.12,24.02,84.3,1005.0,3915.0,87.9,-104,10.5
2025-12-27 00:08:44,NODO 1.1,23.84,84.46,1005.0,3905.0,88.0,-109,7.0
2025-12-27 00:08:51,NODO 1.20,24.81,86.41,1006.0,3891.0,87.8,-112,3.3
2025-12-27 00:09:02,NODO 1.31,23.72,83.2,1005.0,3871.0,87.3,-108,7.3
2025-12-27 00:09:40,NODO 1.18,23.87,90.82,1005.0,3871.0,87.0,-97,13.0
2025-12-27 00:09:57,NODO 1.30,23.93,87.01,1005.0,3945.0,87.3,-108,5.8
2025-12-27 00:11:25,NODO 1.9,24.51,80.53,1005.0,3920.0,87.5,-102,10.5
2025-12-27 00:14:33,NODO 1.29,24.04,80.69,1004.0,3896.0,87.5,-94,13.8
2025-12-27 00:14:36,NODO 1.27,23.97,80.16,1005.0,3631.0,85.1,-100,12.0
2025-12-27 00:17:25,NODO 1.32,24.77,94.79,1004.0,3949.0,85.9,-110,4.3
2025-12-27 00:18:24,NODO 1.11,24.74,80.13,1004.0,3984.0,86.3,-103,10.5
2025-12-27 00:18:30,NODO 1.13,23.82,82.65,1005.0,3915.0,86.2,-109,6.5
2025-12-27 00:20:32,NODO 1.24,22.27,91.99,1005.0,3945.0,86.7,-111,4.3
2025-12-27 00:22:02,NODO 1.10,23.98,81.33,1005.0,3905.0,89.5,-86,13.5
2025-12-27 00:22:33,NODO 1.8,24.09,91.71,1004.0,3925.0,89.2,-107,8.0
2025-12-27 00:23:13,NODO 1.3,24.36,79.29,1005.0,3886.0,88.3,-93,12.8
2025-12-27 00:25:05,NODO 1.5,24.24,84.11,1005.0,3896.0,88.1,-96,12.8
2025-12-27 00:26:25,NODO 1.28,24.19,92.62,1005.0,3891.0,87.5,-105,4.0
2025-12-27 00:27:01,NODO 1.19,22.92,83.02,1005.0,3915.0,87.6,-89,13.8
2025-12-27 00:27:20,NODO 1.7,23.77,84.39,1005.0,3915.0,87.5,-100,12.0
2025-12-27 00:27:30,NODO 1.16,23.81,83.63,1005.0,3930.0,88.0,-111,3.0
2025-12-27 00:28:43,NODO 1.25,22.1,87.24,1005.0,3920.0,88.2,-112,3.5
2025-12-27 00:29:44,NODO 1.21,24.12,80.5,1005.0,3891.0,88.2,-111,5.3
2025-12-27 00:31:47,NODO 1.6,22.69,91.49,1005.0,3886.0,87.9,-87,13.5
2025-12-27 00:32:48,NODO 1.4,24.27,78.28,1005.0,3945.0,88.2,-111,4.3
2025-12-27 00:33:04,NODO 1.17,24.06,77.7,1005.0,3891.0,87.8,-88,13.8
2025-12-27 00:35:33,NODO 1.26,24.38,84.78,1005.0,3891.0,87.5,-112,3.5
2025-12-27 00:36:01,NODO 1.14,24.59,83.07,1005.0,3915.0,87.8,-90,13.5
2025-12-27 00:36:05,NODO 1.22,24.43,82.02,1004.0,3905.0,88.0,-101,11.5
2025-12-27 00:37:14,NODO 1.2,24.65,88.65,1004.0,3905.0,87.6,-97,10.8
2025-12-27 00:37:22,NODO 1.12,23.99,84.33,1005.0,3915.0,87.8,-105,9.3
2025-12-27 00:38:40,NODO 1.1,23.7,84.67,1004.0,3915.0,88.0,-107,7.5
2025-12-27 00:38:46,NODO 1.20,24.71,86.71,1006.0,3891.0,87.8,-105,9.0
2025-12-27 00:38:56,NODO 1.31,23.6,83.46,1005.0,3871.0,87.5,-111,5.0
2025-12-27 00:39:36,NODO 1.18,23.7,91.22,1005.0,3886.0,87.3,-99,10.0
2025-12-27 00:39:53,NODO 1.30,23.83,87.25,1005.0,3945.0,87.6,-114,1.3
2025-12-27 00:41:23,NODO 1.9,24.61,79.73,1005.0,3920.0,87.6,-103,10.5
2025-12-27 00:44:29,NODO 1.29,23.79,82.77,1004.0,3891.0,87.6,-94,13.8
2025-12-27 00:44:30,NODO 1.27,23.78,79.45,1005.0,3636.0,85.3,-93,12.0
2025-12-27 00:47:21,NODO 1.32,24.69,95.54,1004.0,3959.0,86.0,-109,6.3
2025-12-27 00:48:22,NODO 1.11,24.59,80.94,1003.0,3984.0,86.4,-103,11.0
2025-12-27 00:48:28,NODO 1.13,23.72,83.42,1005.0,3915.0,86.3,-109,6.3
2025-12-27 00:50:29,NODO 1.24,22.08,92.6,1004.0,3945.0,86.9,-111,4.0
2025-12-27 00:51:57,NODO 1.10,23.83,82.77,1005.0,3915.0,89.7,-85,14.3
2025-12-27 00:52:31,NODO 1.8,23.93,92.89,1004.0,3920.0,89.3,-115,-0.5
2025-12-27 00:53:09,NODO 1.3,24.18,80.64,1005.0,3886.0,88.3,-94,13.5
2025-12-27 00:55:01,NODO 1.5,23.92,85.86,1004.0,3900.0,88.2,-99,11.5
2025-12-27 00:56:25,NODO 1.28,24.05,93.27,1005.0,3886.0,87.6,-106,8.8
2025-12-27 00:56:57,NODO 1.19,22.75,82.42,1005.0,3915.0,87.6,-89,13.8
2025-12-27 00:57:19,NODO 1.7,23.66,85.13,1005.0,3915.0,87.5,-102,11.3
2025-12-27 00:57:27,NODO 1.16,23.63,84.41,1005.0,3925.0,87.9,-110,4.8
2025-12-27 00:58:37,NODO 1.25,21.97,87.21,1005.0,3930.0,88.2,-114,
2025-12-27 00:59:41,NODO 1.21,24.0,80.52,1005.0,3891.0,88.3,-115,-6.8
2025-12-27 01:00:24,NODO 1.15,23.12,98.26,1005.0,3851.0,87.6,-118,-9.0
2025-12-27 01:01:41,NODO 1.6,22.57,92.79,1005.0,3886.0,87.3,-88,14.0
2025-12-27 01:02:45,NODO 1.4,24.11,79.43,1004.0,3949.0,87.6,-103,5.5
2025-12-27 01:02:59,NODO 1.17,23.89,79.82,1004.0,3891.0,87.2,-90,13.3
2025-12-27 01:05:29,NODO 1.26,24.28,85.72,1005.0,3891.0,87.2,-107,7.8
2025-12-27 01:05:54,NODO 1.14,24.48,83.71,1005.0,3925.0,87.9,-92,13.5
2025-12-27 01:05:59,NODO 1.22,23.99,84.21,1004.0,3905.0,88.1,-106,8.5
2025-12-27 01:07:12,NODO 1.2,24.52,89.66,1004.0,3900.0,87.6,-90,13.3
2025-12-27 01:07:17,NODO 1.12,23.79,85.7,1005.0,3915.0,87.9,-103,8.8
2025-12-27 01:08:36,NODO 1.1,23.61,85.62,1004.0,3905.0,88.0,-107,7.5
2025-12-27 01:08:44,NODO 1.20,24.47,88.15,1005.0,3891.0,87.7,-118,-7.0
2025-12-27 01:08:49,NODO 1.31,23.45,83.66,1005.0,3881.0,87.4,-108,6.8
2025-12-27 01:09:31,NODO 1.18,23.55,92.76,1004.0,3886.0,87.3,-98,11.8
2025-12-27 01:09:49,NODO 1.30,23.7,87.74,1005.0,3935.0,87.5,-111,4.0
2025-12-27 01:11:17,NODO 1.9,24.2,81.51,1005.0,3920.0,87.6,-101,11.5
2025-12-27 01:14:24,NODO 1.29,23.68,84.44,1003.0,3891.0,87.6,-96,13.0
2025-12-27 01:14:26,NODO 1.27,23.61,80.8,1005.0,3636.0,85.2,-94,13.5
2025-12-27 01:17:14,NODO 1.32,24.54,96.28,1004.0,3959.0,85.9,-111,4.5
2025-12-27 01:18:16,NODO 1.11,24.48,81.4,1003.0,3984.0,86.4,-101,11.8
2025-12-27 01:18:25,NODO 1.13,23.56,84.15,1004.0,3915.0,86.3,-111,1.0
2025-12-27 01:20:25,NODO 1.24,21.9,93.04,1004.0,3935.0,86.8,-110,3.5
2025-12-27 01:21:52,NODO 1.10,23.69,83.02,1005.0,3915.0,89.6,-87,13.3
2025-12-27 01:22:27,NODO 1.8,23.79,93.07,1003.0,3920.0,89.2,-109,4.0
2025-12-27 01:23:06,NODO 1.3,23.97,81.3,1005.0,3886.0,88.2,-94,13.0
2025-12-27 01:24:55,NODO 1.5,23.73,86.49,1004.0,3900.0,88.1,-96,11.3
2025-12-27 01:26:22,NODO 1.28,23.91,94.2,1004.0,3886.0,87.6,-104,9.8
2025-12-27 01:26:52,NODO 1.19,22.61,84.26,1004.0,3905.0,87.5,-84,13.3
2025-12-27 01:27:13,NODO 1.7,23.49,85.89,1004.0,3915.0,87.4,-101,11.0
2025-12-27 01:27:23,NODO 1.16,23.44,85.16,1004.0,3930.0,87.9,-110,5.3
2025-12-27 01:28:29,NODO 1.25,21.92,88.25,1004.0,3920.0,88.1,-114,-3.3
2025-12-27 01:29:39,NODO 1.21,23.86,80.86,1004.0,3891.0,88.1,-111,3.8
2025-12-27 01:31:35,NODO 1.6,22.42,93.46,1004.0,3891.0,88.0,-87,13.3
2025-12-27 01:32:40,NODO 1.4,23.89,80.64,1004.0,3935.0,88.2,-102,10.8
2025-12-27 01:32:55,NODO 1.17,23.69,80.81,1004.0,3891.0,87.8,-89,14.3
2025-12-27 01:35:23,NODO 1.26,24.02,86.57,1005.0,3886.0,87.4,-113,2.8
2025-12-27 01:35:49,NODO 1.14,24.33,84.52,1004.0,3915.0,87.7,-92,11.3
2025-12-27 01:35:54,NODO 1.22,23.88,84.7,1003.0,3915.0,87.9,-112,3.5
2025-12-27 01:37:09,NODO 1.2,24.3,89.25,1004.0,3900.0,87.6,-91,13.3
2025-12-27 01:37:13,NODO 1.12,23.69,85.57,1004.0,3925.0,87.9,-104,10.3
2025-12-27 01:38:33,NODO 1.1,23.41,86.5,1004.0,3915.0,88.2,-107,8.3
2025-12-27 01:38:40,NODO 1.20,24.18,88.62,1005.0,3891.0,88.0,-113,2.3
2025-12-27 01:38:42,NODO 1.31,23.34,84.44,1004.0,3871.0,87.5,-107,6.0
2025-12-27 01:39:27,NODO 1.18,23.39,92.9,1004.0,3886.0,87.4,-98,12.5
2025-12-27 01:39:48,NODO 1.30,23.56,88.26,1004.0,3945.0,87.6,-110,5.5
2025-12-27 01:41:14,NODO 1.9,24.27,81.36,1004.0,3920.0,87.6,-102,10.8
2025-12-27 01:44:18,NODO 1.29,23.5,84.84,1003.0,3891.0,87.6,-95,13.3
2025-12-27 01:44:22,NODO 1.27,23.44,82.39,1004.0,3636.0,85.3,-100,9.3
2025-12-27 01:47:11,NODO 1.32,24.41,96.57,1003.0,3949.0,85.9,-108,6.8
2025-12-27 01:48:13,NODO 1.11,24.29,82.18,1003.0,3969.0,86.2,-104,9.5
2025-12-27 01:48:22,NODO 1.13,23.47,84.5,1004.0,3915.0,86.1,-108,4.3
2025-12-27 01:50:21,NODO 1.24,21.77,93.49,1004.0,3945.0,86.6,-111,4.5
2025-12-27 01:51:47,NODO 1.10,23.51,82.65,1004.0,3915.0,89.4,-85,13.8
2025-12-27 01:52:24,NODO 1.8,23.6,93.55,1003.0,3925.0,89.2,-98,13.0
2025-12-27 01:53:00,NODO 1.3,23.79,81.73,1004.0,3891.0,88.4,-93,13.3
2025-12-27 01:54:50,NODO 1.5,23.58,86.93,1004.0,3900.0,88.3,-98,12.8
2025-12-27 01:56:19,NODO 1.28,23.67,94.76,1004.0,3891.0,87.7,-109,6.5
2025-12-27 01:56:49,NODO 1.19,22.42,84.6,1004.0,3905.0,87.6,-86,14.3
2025-12-27 01:57:10,NODO 1.7,23.31,86.48,1004.0,3900.0,87.4,-101,9.8
2025-12-27 01:57:20,NODO 1.16,23.31,85.04,1004.0,3925.0,87.7,-110,-1.8
2025-12-27 01:58:21,NODO 1.25,21.82,88.15,1004.0,3920.0,87.9,-113,1.8
2025-12-27 01:59:36,NODO 1.21,23.72,81.94,1004.0,3891.0,87.9,-115,0.3
2025-12-27 02:00:14,NODO 1.15,22.6,100.0,1005.0,3847.0,87.3,-116,-2.8
2025-12-27 02:01:30,NODO 1.6,22.27,93.98,1004.0,3886.0,87.2,-89,11.5
2025-12-27 02:02:36,NODO 1.4,23.68,81.13,1004.0,3935.0,87.3,-111,4.3
2025-12-27 02:02:51,NODO 1.17,23.51,80.35,1003.0,3891.0,87.0,-90,13.8
2025-12-27 02:05:19,NODO 1.26,23.85,87.31,1004.0,3891.0,87.0,-109,4.3
2025-12-27 02:05:44,NODO 1.14,24.15,85.72,1004.0,3915.0,87.7,-92,13.5
2025-12-27 02:05:51,NODO 1.22,23.81,85.05,1003.0,3905.0,87.9,-99,10.3
2025-12-27 02:07:03,NODO 1.2,24.08,90.86,1003.0,3900.0,87.5,-91,13.5
2025-12-27 02:07:08,NODO 1.12,23.53,86.37,1004.0,3915.0,87.8,-103,10.5
2025-12-27 02:08:31,NODO 1.1,23.26,86.62,1003.0,3915.0,88.0,-108,7.5
2025-12-27 02:08:33,NODO 1.20,24.19,88.47,1004.0,3891.0,87.8,-108,6.8
2025-12-27 02:08:36,NODO 1.31,23.23,84.88,1004.0,3871.0,87.4,-110,5.5
2025-12-27 02:09:23,NODO 1.18,23.21,93.29,1003.0,3871.0,87.1,-97,12.8
2025-12-27 02:09:43,NODO 1.30,23.35,88.9,1004.0,3945.0,87.4,-108,7.0
2025-12-27 02:11:09,NODO 1.9,24.06,80.73,1004.0,3920.0,87.5,-102,9.5
2025-12-27 02:14:13,NODO 1.29,23.33,85.46,1003.0,3891.0,87.5,-94,13.5
2025-12-27 02:14:18,NODO 1.27,23.25,82.26,1004.0,3636.0,85.1,-101,12.0
2025-12-27 02:17:08,NODO 1.32,24.16,97.24,1003.0,3959.0,86.0,-110,0.5
2025-12-27 02:18:10,NODO 1.11,24.09,83.06,1002.0,3984.0,86.4,-100,10.3
2025-12-27 02:18:19,NODO 1.13,23.31,85.38,1004.0,3915.0,86.3,-111,3.3
2025-12-27 02:20:18,NODO 1.24,21.68,94.04,1003.0,3945.0,86.9,-112,3.5
2025-12-27 02:21:42,NODO 1.10,23.35,83.33,1004.0,3905.0,89.6,-86,13.8
2025-12-27 02:22:23,NODO 1.8,23.42,94.79,1003.0,3920.0,89.2,-109,6.3
2025-12-27 02:22:53,NODO 1.3,23.63,81.79,1004.0,3886.0,88.2,-95,13.8
2025-12-27 02:24:45,NODO 1.5,23.45,87.7,1003.0,3900.0,88.1,-94,13.5
2025-12-27 02:26:15,NODO 1.28,23.56,95.16,1004.0,3886.0,87.5,-105,9.3
2025-12-27 02:26:45,NODO 1.19,22.24,85.75,1004.0,3915.0,87.6,-93,11.3
2025-12-27 02:27:10,NODO 1.7,23.18,86.72,1004.0,3915.0,87.5,-102,9.3
2025-12-27 02:27:17,NODO 1.16,23.19,85.25,1004.0,3925.0,87.9,-116,-1.3
2025-12-27 02:28:14,NODO 1.25,21.68,88.16,1004.0,3930.0,88.2,-116,-2.8
2025-12-27 02:29:32,NODO 1.21,23.55,82.22,1004.0,3891.0,88.3,-110,5.5
2025-12-27 02:30:10,NODO 1.15,22.46,100.0,1004.0,3851.0,87.6,-114,-0.3
2025-12-27 02:31:24,NODO 1.6,22.18,94.51,1004.0,3886.0,87.3,-90,14.0
2025-12-27 02:32:30,NODO 1.4,23.47,82.76,1003.0,3945.0,87.5,-106,8.8
2025-12-27 02:32:46,NODO 1.17,23.35,81.18,1003.0,3891.0,87.1,-90,11.5
2025-12-27 02:35:15,NODO 1.26,23.7,87.77,1004.0,3886.0,87.1,-108,6.5
2025-12-27 02:35:39,NODO 1.14,23.94,86.83,1004.0,3930.0,87.9,-94,12.8
2025-12-27 02:35:47,NODO 1.22,23.72,84.79,1003.0,3915.0,88.2,-105,8.5
2025-12-27 02:36:59,NODO 1.2,23.9,91.1,1003.0,3900.0,87.7,-91,13.5
2025-12-27 02:37:07,NODO 1.12,23.21,87.38,1004.0,3915.0,88.0,-103,8.3
2025-12-27 02:38:29,NODO 1.1,23.1,87.57,1003.0,3900.0,88.1,-108,7.3
2025-12-27 02:38:32,NODO 1.31,23.15,84.88,1004.0,3871.0,87.5,-110,3.3
2025-12-27 02:39:19,NODO 1.18,23.08,93.55,1003.0,3861.0,87.0,-97,12.8
2025-12-27 02:39:41,NODO 1.30,23.19,89.64,1004.0,3945.0,87.4,-113,1.0
2025-12-27 02:41:05,NODO 1.9,23.75,82.39,1004.0,3920.0,87.5,-105,10.0
2025-12-27 02:44:08,NODO 1.29,23.22,84.87,1002.0,3891.0,87.4,-96,13.0
2025-12-27 02:44:14,NODO 1.27,23.08,82.8,1004.0,3631.0,85.0,-97,13.0
2025-12-27 02:47:05,NODO 1.32,23.97,99.17,1003.0,3964.0,86.0,-110,5.3
2025-12-27 02:48:07,NODO 1.11,23.99,83.36,1002.0,3969.0,86.2,-103,10.5
2025-12-27 02:48:16,NODO 1.13,23.14,85.87,1003.0,3915.0,86.2,-113,2.3
2025-12-27 02:50:16,NODO 1.24,21.6,94.4,1003.0,3935.0,86.6,-113,0.5
2025-12-27 02:51:37,NODO 1.10,23.19,84.2,1004.0,3900.0,89.3,-85,12.8
2025-12-27 02:52:21,NODO 1.8,23.26,94.79,1002.0,3925.0,88.9,-107,8.3
2025-12-27 02:52:49,NODO 1.3,23.46,82.01,1004.0,3886.0,88.1,-93,13.3
2025-12-27 02:54:41,NODO 1.5,23.39,87.49,1003.0,3900.0,88.0,-93,13.3
2025-12-27 02:56:11,NODO 1.28,23.37,95.75,1004.0,3886.0,87.5,-104,9.8
2025-12-27 02:56:41,NODO 1.19,22.07,85.73,1004.0,3915.0,87.6,-95,13.5
2025-12-27 02:57:08,NODO 1.7,23.0,87.54,1003.0,3900.0,87.4,-101,10.0
2025-12-27 02:57:15,NODO 1.16,23.06,84.92,1004.0,3925.0,87.8,-113,1.5
2025-12-27 02:58:08,NODO 1.25,21.53,88.4,1004.0,3935.0,88.1,-112,2.8
2025-12-27 02:59:28,NODO 1.21,23.4,83.22,1004.0,3886.0,88.1,-117,-5.8
2025-12-27 03:00:05,NODO 1.15,22.31,100.0,1004.0,3851.0,87.5,-115,-1.5
2025-12-27 03:01:21,NODO 1.6,21.99,94.71,1004.0,3891.0,87.4,-89,14.3
2025-12-27 03:02:24,NODO 1.4,23.27,82.34,1003.0,3935.0,87.5,-105,9.0
2025-12-27 03:02:41,NODO 1.17,23.18,81.39,1003.0,3891.0,87.0,-89,13.5
2025-12-27 03:05:10,NODO 1.26,23.53,88.35,1004.0,3886.0,87.0,-110,5.5
2025-12-27 03:05:33,NODO 1.14,23.83,86.33,1004.0,3915.0,87.7,-93,13.5
2025-12-27 03:05:41,NODO 1.22,23.49,85.95,1003.0,3905.0,87.8,-109,6.5
2025-12-27 03:06:53,NODO 1.2,23.7,92.62,1003.0,3905.0,87.5,-95,13.3
2025-12-27 03:07:03,NODO 1.12,23.03,88.16,1004.0,3915.0,87.8,-102,10.8
2025-12-27 03:08:22,NODO 1.20,23.82,90.1,1004.0,3891.0,87.8,-108,8.0
2025-12-27 03:08:24,NODO 1.31,23.0,85.22,1004.0,3871.0,87.4,-108,7.0
2025-12-27 03:08:28,NODO 1.1,22.91,88.28,1003.0,3915.0,87.5,-107,7.8
2025-12-27 03:09:14,NODO 1.18,22.9,94.89,1003.0,3886.0,87.3,-103,10.5
2025-12-27 03:09:38,NODO 1.30,22.97,90.88,1004.0,3945.0,87.6,-113,-4.3
2025-12-27 03:11:01,NODO 1.9,23.53,83.46,1004.0,3920.0,87.9,-102,11.0
2025-12-27 03:14:05,NODO 1.29,23.05,85.11,1002.0,3891.0,88.1,-96,10.8
2025-12-27 03:14:11,NODO 1.27,22.92,83.56,1004.0,3631.0,85.2,-94,13.3
2025-12-27 03:16:59,NODO 1.32,23.69,99.67,1003.0,3949.0,85.9,-110,5.3
2025-12-27 03:18:02,NODO 1.11,23.81,83.45,1002.0,3969.0,86.1,-99,12.3
2025-12-27 03:20:13,NODO 1.24,21.37,94.22,1003.0,3935.0,86.2,-110,5.8
2025-12-27 03:21:32,NODO 1.10,23.03,84.44,1004.0,3905.0,86.4,-86,10.0
2025-12-27 03:22:19,NODO 1.8,23.1,95.43,1003.0,3925.0,89.3,-110,5.0
2025-12-27 03:22:44,NODO 1.3,23.26,82.63,1004.0,3886.0,88.7,-94,13.3
2025-12-27 03:24:36,NODO 1.5,23.1,88.48,1003.0,3891.0,87.9,-97,12.8
2025-12-27 03:26:03,NODO 1.28,23.11,96.5,1004.0,3881.0,87.4,-105,9.3
2025-12-27 03:26:38,NODO 1.19,21.89,85.44,1004.0,3915.0,87.5,-88,13.3
2025-12-27 03:27:02,NODO 1.7,22.81,87.7,1004.0,3905.0,87.3,-103,10.5
2025-12-27 03:27:13,NODO 1.16,22.91,85.41,1004.0,3925.0,87.7,-113,3.5
2025-12-27 03:28:00,NODO 1.25,21.46,89.1,1004.0,3935.0,88.1,-112,3.5
2025-12-27 03:29:22,NODO 1.21,23.28,83.75,1004.0,3891.0,88.2,-112,3.0
2025-12-27 03:30:01,NODO 1.15,22.15,100.0,1004.0,3851.0,87.6,-116,-3.3
2025-12-27 03:31:16,NODO 1.6,21.89,95.43,1004.0,3891.0,87.4,-91,13.8
2025-12-27 03:32:18,NODO 1.4,23.08,83.8,1003.0,3945.0,87.6,-107,5.8
2025-12-27 03:32:36,NODO 1.17,22.96,82.72,1003.0,3891.0,87.2,-90,13.5
2025-12-27 03:35:05,NODO 1.26,23.33,88.39,1004.0,3886.0,87.1,-107,6.5
2025-12-27 03:35:27,NODO 1.14,23.63,86.66,1004.0,3915.0,87.8,-94,11.3
2025-12-27 03:35:38,NODO 1.22,23.23,86.33,1003.0,3905.0,87.9,-99,10.3
2025-12-27 03:36:45,NODO 1.2,23.5,91.69,1003.0,3900.0,87.5,-98,10.8
2025-12-27 03:37:00,NODO 1.12,22.99,87.52,1004.0,3915.0,87.7,-108,7.3
2025-12-27 03:38:16,NODO 1.31,22.83,85.66,1004.0,3861.0,87.5,-110,4.5
2025-12-27 03:38:19,NODO 1.20,23.58,90.6,1004.0,3891.0,87.2,-106,8.0
2025-12-27 03:38:26,NODO 1.1,22.75,88.54,1003.0,3900.0,87.2,-107,6.3
2025-12-27 03:39:09,NODO 1.18,22.75,93.96,1003.0,3861.0,86.8,-104,9.5
2025-12-27 03:39:35,NODO 1.30,22.81,90.92,1004.0,3945.0,87.1,-113,3.0
2025-12-27 03:40:55,NODO 1.9,23.52,82.93,1004.0,3920.0,87.7,-102,10.8
2025-12-27 03:44:00,NODO 1.29,22.86,86.35,1003.0,3891.0,87.7,-96,12.8
2025-12-27 03:44:07,NODO 1.27,22.76,83.79,1004.0,3631.0,85.0,-93,13.5
2025-12-27 03:46:54,NODO 1.32,23.55,99.92,1003.0,3949.0,85.9,-108,7.0
2025-12-27 03:47:59,NODO 1.11,23.62,84.81,1003.0,3974.0,86.2,-101,11.8
2025-12-27 03:48:09,NODO 1.13,22.83,86.23,1004.0,3915.0,86.1,-110,5.3
2025-12-27 03:50:11,NODO 1.24,21.32,94.53,1004.0,3935.0,86.5,-113,2.8
2025-12-27 03:51:28,NODO 1.10,22.9,84.03,1004.0,3905.0,89.3,-86,13.5
2025-12-27 03:52:16,NODO 1.8,22.93,96.24,1003.0,3920.0,89.0,-100,12.0
2025-12-27 03:52:35,NODO 1.3,23.12,83.07,1004.0,3886.0,88.1,-93,11.0
2025-12-27 03:54:31,NODO 1.5,22.99,88.98,1004.0,3900.0,88.0,-99,12.3
2025-12-27 03:55:58,NODO 1.28,23.05,96.69,1004.0,3891.0,87.5,-104,7.3
2025-12-27 03:56:34,NODO 1.19,21.76,87.55,1004.0,3915.0,87.6,-84,13.0
2025-12-27 03:57:00,NODO 1.7,22.7,87.93,1004.0,3915.0,87.6,-102,10.5
2025-12-27 03:57:12,NODO 1.16,22.79,85.45,1004.0,3930.0,88.0,-113,-6.3
2025-12-27 03:57:54,NODO 1.25,21.32,88.82,1004.0,3915.0,88.2,-112,4.0
2025-12-27 03:59:18,NODO 1.21,23.14,83.72,1004.0,3886.0,88.1,-114,-0.8
2025-12-27 04:01:11,NODO 1.6,21.8,95.79,1004.0,3886.0,87.8,-87,13.3
2025-12-27 04:02:14,NODO 1.4,22.93,84.01,1004.0,3945.0,88.1,-105,9.5
2025-12-27 04:02:29,NODO 1.17,22.83,82.82,1003.0,3891.0,87.7,-90,13.8
2025-12-27 04:04:59,NODO 1.26,23.16,89.16,1004.0,3886.0,87.4,-109,6.0
2025-12-27 04:05:23,NODO 1.14,23.54,87.03,1004.0,3915.0,87.7,-94,13.3
2025-12-27 04:05:33,NODO 1.22,23.13,86.52,1003.0,3915.0,88.0,-99,10.0
2025-12-27 04:06:40,NODO 1.2,23.36,92.38,1003.0,3900.0,87.6,-91,13.5
2025-12-27 04:06:57,NODO 1.12,22.92,87.85,1004.0,3925.0,87.9,-103,10.5
2025-12-27 04:08:11,NODO 1.31,22.75,86.21,1004.0,3871.0,87.8,-110,2.8
2025-12-27 04:08:16,NODO 1.20,23.56,90.3,1005.0,3891.0,87.5,-106,8.8
2025-12-27 04:08:23,NODO 1.1,22.63,89.59,1003.0,3900.0,87.4,-108,6.8
2025-12-27 04:09:05,NODO 1.18,22.63,94.65,1004.0,3861.0,87.0,-103,9.0
2025-12-27 04:09:31,NODO 1.30,22.65,91.52,1004.0,3945.0,87.2,-111,4.8
2025-12-27 04:10:52,NODO 1.9,23.21,84.86,1004.0,3920.0,87.7,-102,9.5
2025-12-27 04:13:58,NODO 1.29,22.77,86.93,1003.0,3891.0,87.7,-97,8.8
2025-12-27 04:14:01,NODO 1.27,22.62,84.43,1004.0,3631.0,85.0,-102,8.0
2025-12-27 04:16:49,NODO 1.32,23.49,100.0,1003.0,3949.0,85.9,-108,6.0
2025-12-27 04:17:54,NODO 1.11,23.46,85.75,1003.0,3969.0,86.1,-100,10.5
2025-12-27 04:18:05,NODO 1.13,22.69,86.55,1004.0,3915.0,86.0,-110,5.0
2025-12-27 04:20:08,NODO 1.24,21.14,94.17,1004.0,3935.0,86.5,-114,0.8
2025-12-27 04:21:23,NODO 1.10,22.78,85.28,1004.0,3905.0,89.2,-85,13.8
2025-12-27 04:22:13,NODO 1.8,22.78,96.76,1003.0,3925.0,89.0,-103,10.5
2025-12-27 04:22:33,NODO 1.3,22.94,83.79,1004.0,3881.0,88.1,-94,13.0
2025-12-27 04:24:28,NODO 1.5,22.84,89.39,1004.0,3900.0,88.0,-96,10.8
2025-12-27 04:25:52,NODO 1.28,22.93,97.46,1004.0,3891.0,87.5,-108,7.5
2025-12-27 04:26:30,NODO 1.19,21.62,86.42,1004.0,3905.0,87.5,-90,13.3
2025-12-27 04:26:59,NODO 1.7,22.55,88.64,1004.0,3900.0,87.3,-102,10.8
2025-12-27 04:27:11,NODO 1.16,22.58,86.9,1004.0,3925.0,87.7,-116,-2.3
2025-12-27 04:27:47,NODO 1.25,21.23,89.19,1004.0,3915.0,87.9,-113,3.0
2025-12-27 04:29:13,NODO 1.21,23.01,84.29,1004.0,3886.0,87.8,-112,3.0
2025-12-27 04:31:06,NODO 1.6,21.67,95.97,1004.0,3891.0,87.7,-87,13.8
2025-12-27 04:32:07,NODO 1.4,22.72,85.92,1004.0,3945.0,88.1,-108,6.8
2025-12-27 04:32:23,NODO 1.17,22.69,83.73,1004.0,3891.0,87.8,-89,13.5
2025-12-27 04:34:54,NODO 1.26,23.04,89.84,1004.0,3886.0,87.5,-110,5.5
2025-12-27 04:35:17,NODO 1.14,23.45,87.47,1004.0,3915.0,87.8,-94,13.5
2025-12-27 04:35:28,NODO 1.22,22.92,87.28,1003.0,3905.0,87.9,-100,12.0
2025-12-27 04:36:35,NODO 1.2,23.2,93.75,1003.0,3900.0,87.5,-94,13.0
2025-12-27 04:36:53,NODO 1.12,22.76,88.66,1004.0,3920.0,87.8,-103,10.5
2025-12-27 04:38:05,NODO 1.31,22.67,86.4,1004.0,3871.0,87.6,-112,4.0
2025-12-27 04:38:13,NODO 1.20,23.41,90.59,1005.0,3886.0,87.3,-117,-7.0
2025-12-27 04:38:21,NODO 1.1,22.49,90.09,1003.0,3900.0,87.3,-108,7.5
2025-12-27 04:39:01,NODO 1.18,22.52,95.95,1004.0,3861.0,86.9,-103,10.3
2025-12-27 04:39:29,NODO 1.30,22.54,92.39,1004.0,3935.0,87.0,-112,2.8
2025-12-27 04:40:47,NODO 1.9,23.3,83.36,1004.0,3920.0,87.5,-100,12.0
2025-12-27 04:43:55,NODO 1.29,22.67,87.96,1003.0,3891.0,87.6,-96,12.8
2025-12-27 04:43:57,NODO 1.27,22.48,86.56,1004.0,3631.0,84.8,-95,13.8
2025-12-27 04:46:47,NODO 1.32,23.43,100.0,1003.0,3949.0,85.8,-110,5.5
2025-12-27 04:47:51,NODO 1.11,23.39,85.68,1003.0,3974.0,86.2,-98,12.3
2025-12-27 04:48:00,NODO 1.13,22.66,87.04,1004.0,3915.0,86.1,-114,0.5
2025-12-27 04:50:05,NODO 1.24,20.96,94.4,1004.0,3935.0,86.5,-110,4.0
2025-12-27 04:51:19,NODO 1.10,22.67,86.4,1005.0,3905.0,89.3,-85,14.0
2025-12-27 04:52:09,NODO 1.8,22.68,97.25,1003.0,3920.0,89.0,-102,11.0
2025-12-27 04:52:26,NODO 1.3,22.79,84.69,1004.0,3886.0,88.1,-93,12.5
2025-12-27 04:54:22,NODO 1.5,22.71,89.79,1004.0,3900.0,88.0,-95,13.8
2025-12-27 04:55:49,NODO 1.28,22.91,97.29,1004.0,3891.0,87.5,-103,8.5
2025-12-27 04:56:25,NODO 1.19,21.52,86.39,1004.0,3915.0,87.6,-86,14.0
2025-12-27 04:56:57,NODO 1.7,22.45,88.65,1004.0,3915.0,87.6,-102,11.0
2025-12-27 04:57:08,NODO 1.16,22.47,87.11,1004.0,3930.0,88.0,-111,4.3
2025-12-27 04:57:41,NODO 1.25,21.2,90.16,1004.0,3935.0,88.4,-113,2.8
2025-12-27 04:59:09,NODO 1.21,22.92,84.12,1004.0,3891.0,88.4,-114,
2025-12-27 04:59:45,NODO 1.15,21.89,100.0,1005.0,3851.0,87.7,-117,-6.5
2025-12-27 05:01:03,NODO 1.6,21.63,96.31,1005.0,3886.0,87.4,-91,13.5
2025-12-27 05:02:02,NODO 1.4,22.61,84.73,1004.0,3945.0,87.6,-101,12.0
2025-12-27 05:02:17,NODO 1.17,22.59,83.92,1004.0,3886.0,87.1,-89,13.8
2025-12-27 05:04:49,NODO 1.26,22.92,90.25,1005.0,3886.0,87.0,-111,5.0
2025-12-27 05:05:13,NODO 1.14,23.29,88.82,1004.0,3915.0,87.7,-93,13.3
2025-12-27 05:05:25,NODO 1.22,22.81,87.63,1003.0,3905.0,87.9,-101,12.0
2025-12-27 05:06:31,NODO 1.2,23.07,93.83,1004.0,3905.0,87.5,-100,12.3
2025-12-27 05:06:50,NODO 1.12,22.59,89.42,1005.0,3915.0,87.8,-105,9.3
2025-12-27 05:08:01,NODO 1.31,22.57,86.32,1004.0,3861.0,87.5,-117,-5.8
2025-12-27 05:08:16,NODO 1.1,22.38,90.54,1004.0,3900.0,87.4,-109,5.8
2025-12-27 05:08:58,NODO 1.18,22.45,96.31,1004.0,3861.0,86.9,-101,11.8
2025-12-27 05:09:24,NODO 1.30,22.47,92.75,1005.0,3935.0,87.2,-107,6.5
2025-12-27 05:10:41,NODO 1.9,23.08,85.39,1005.0,3920.0,87.3,-102,11.0
2025-12-27 05:13:50,NODO 1.29,22.58,87.22,1003.0,3891.0,87.6,-96,13.0
2025-12-27 05:13:53,NODO 1.27,22.38,85.26,1005.0,3631.0,84.8,-92,13.5
2025-12-27 05:16:43,NODO 1.32,23.33,100.0,1004.0,3949.0,85.8,-111,4.5
2025-12-27 05:17:47,NODO 1.11,23.2,86.93,1003.0,3969.0,86.1,-103,10.3
2025-12-27 05:17:58,NODO 1.13,22.55,87.04,1004.0,3915.0,86.0,-117,-8.5
2025-12-27 05:20:03,NODO 1.24,21.11,95.24,1004.0,3935.0,86.5,-111,4.8
2025-12-27 05:21:12,NODO 1.10,22.58,86.69,1005.0,3915.0,89.3,-84,14.0
2025-12-27 05:22:06,NODO 1.8,22.58,97.2,1003.0,3920.0,89.0,-104,8.5
2025-12-27 05:22:20,NODO 1.3,22.66,85.22,1005.0,3881.0,88.2,-93,13.0
2025-12-27 05:24:18,NODO 1.5,22.75,89.37,1004.0,3891.0,87.9,-96,12.8
2025-12-27 05:25:44,NODO 1.28,22.77,97.71,1005.0,3881.0,87.4,-103,10.3
2025-12-27 05:26:22,NODO 1.19,21.44,87.66,1005.0,3905.0,87.3,-91,13.8
2025-12-27 05:26:51,NODO 1.7,22.31,89.68,1004.0,3900.0,87.1,-101,10.8
2025-12-27 05:27:05,NODO 1.16,22.34,87.85,1005.0,3925.0,87.5,-112,3.3
2025-12-27 05:27:35,NODO 1.25,21.07,89.82,1004.0,3915.0,87.8,-112,4.3
2025-12-27 05:29:05,NODO 1.21,22.82,84.76,1005.0,3886.0,87.8,-114,1.0
2025-12-27 05:29:38,NODO 1.15,21.88,100.0,1005.0,3851.0,87.3,-114,-2.0
2025-12-27 05:30:58,NODO 1.6,21.52,96.47,1005.0,3886.0,87.1,-87,13.5
2025-12-27 05:31:57,NODO 1.4,22.5,85.16,1004.0,3945.0,87.3,-102,11.0
2025-12-27 05:32:13,NODO 1.17,22.45,84.09,1004.0,3891.0,87.1,-90,13.5
2025-12-27 05:34:45,NODO 1.26,22.81,90.34,1005.0,3886.0,87.1,-105,9.0
2025-12-27 05:35:09,NODO 1.14,23.26,87.66,1005.0,3915.0,87.7,-94,13.3
2025-12-27 05:35:22,NODO 1.22,22.55,89.22,1003.0,3905.0,87.9,-100,11.8
2025-12-27 05:36:26,NODO 1.2,22.95,94.28,1004.0,3900.0,87.5,-99,11.8
2025-12-27 05:36:44,NODO 1.12,22.6,89.53,1005.0,3915.0,87.7,-103,10.5
2025-12-27 05:37:57,NODO 1.31,22.44,88.41,1005.0,3886.0,87.7,-112,2.8
2025-12-27 05:38:04,NODO 1.20,23.0,91.98,1005.0,3886.0,87.4,-113,2.3
2025-12-27 05:38:15,NODO 1.1,22.32,90.43,1004.0,3905.0,87.4,-108,6.8
2025-12-27 05:38:53,NODO 1.18,22.35,96.26,1004.0,3886.0,87.3,-102,11.3
2025-12-27 05:39:18,NODO 1.30,22.32,93.9,1005.0,3945.0,87.6,-109,6.3
2025-12-27 05:40:37,NODO 1.9,23.18,84.57,1005.0,3920.0,87.9,-102,8.3
2025-12-27 05:43:47,NODO 1.29,22.47,88.61,1003.0,3891.0,88.0,-96,12.5
2025-12-27 05:43:50,NODO 1.27,22.28,85.73,1005.0,3631.0,85.2,-93,13.0
2025-12-27 05:46:38,NODO 1.32,23.19,100.0,1004.0,3959.0,86.0,-110,5.0
2025-12-27 05:47:43,NODO 1.11,23.18,86.13,1003.0,3964.0,86.2,-100,11.8
2025-12-27 05:51:09,NODO 1.10,22.47,87.0,1005.0,3905.0,86.0,-85,14.3
2025-12-27 05:52:17,NODO 1.3,22.57,84.51,1005.0,3886.0,86.0,-94,13.3
2025-12-27 05:54:13,NODO 1.5,22.79,89.27,1004.0,3900.0,88.6,-99,12.0
2025-12-27 05:55:40,NODO 1.28,22.77,97.41,1005.0,3886.0,87.9,-105,9.5
2025-12-27 05:56:16,NODO 1.19,21.38,87.84,1005.0,3915.0,87.4,-91,13.8
2025-12-27 05:56:47,NODO 1.7,22.24,89.66,1005.0,3915.0,87.5,-101,11.5
2025-12-27 05:57:02,NODO 1.16,22.28,88.11,1005.0,3925.0,87.9,-113,2.8
2025-12-27 05:57:29,NODO 1.25,21.01,90.27,1005.0,3935.0,88.3,-115,-1.5
2025-12-27 05:59:00,NODO 1.21,22.73,85.38,1005.0,3891.0,88.3,-110,5.3
2025-12-27 05:59:33,NODO 1.15,21.94,100.0,1005.0,3851.0,87.7,-117,-8.3
2025-12-27 06:00:54,NODO 1.6,21.54,96.82,1005.0,3886.0,87.4,-91,11.5
2025-12-27 06:01:52,NODO 1.4,22.42,86.14,1005.0,3935.0,87.5,-116,-2.5
2025-12-27 06:02:10,NODO 1.17,22.39,84.12,1004.0,3891.0,87.0,-89,13.8
2025-12-27 06:04:40,NODO 1.26,22.67,92.07,1005.0,3886.0,87.0,-109,6.3
2025-12-27 06:05:04,NODO 1.14,23.19,88.73,1005.0,3915.0,87.6,-95,14.0
2025-12-27 06:05:18,NODO 1.22,22.58,88.72,1004.0,3905.0,87.8,-104,10.3
2025-12-27 06:06:40,NODO 1.12,22.57,88.75,1005.0,3915.0,87.6,-103,8.8
2025-12-27 06:07:50,NODO 1.31,22.45,88.33,1005.0,3861.0,87.3,-111,4.0
2025-12-27 06:08:01,NODO 1.20,23.16,92.32,1005.0,3891.0,87.4,-111,4.3
2025-12-27 06:08:14,NODO 1.1,22.34,90.17,1004.0,3900.0,87.2,-109,6.5
2025-12-27 06:08:47,NODO 1.18,22.3,97.95,1004.0,3861.0,86.8,-107,8.5
2025-12-27 06:09:14,NODO 1.30,22.29,93.76,1005.0,3945.0,87.1,-111,4.3
2025-12-27 06:13:42,NODO 1.29,22.45,89.24,1004.0,3896.0,87.4,-94,13.5
2025-12-27 06:13:45,NODO 1.27,22.24,86.25,1005.0,3631.0,84.8,-98,10.5
2025-12-27 06:16:34,NODO 1.32,23.23,100.0,1004.0,3959.0,85.4,-110,5.5
2025-12-27 06:17:40,NODO 1.11,23.05,87.95,1003.0,3974.0,86.5,-98,12.5
2025-12-27 06:17:48,NODO 1.13,22.45,87.12,1005.0,3915.0,86.2,-112,3.0
2025-12-27 06:19:57,NODO 1.24,20.82,94.86,1005.0,3935.0,86.6,-114,0.5
2025-12-27 06:21:06,NODO 1.10,22.43,86.37,1005.0,3915.0,89.5,-85,13.8
2025-12-27 06:22:02,NODO 1.8,22.49,98.7,1004.0,3920.0,89.1,-104,10.0
2025-12-27 06:22:12,NODO 1.3,22.55,85.24,1005.0,3881.0,88.2,-94,13.3
2025-12-27 06:24:10,NODO 1.5,22.76,90.2,1005.0,3896.0,88.0,-94,13.3
2025-12-27 06:25:38,NODO 1.28,22.85,97.85,1005.0,3881.0,87.4,-108,7.5
2025-12-27 06:26:12,NODO 1.19,21.35,87.53,1005.0,3915.0,87.4,-88,14.0
2025-12-27 06:26:46,NODO 1.7,22.26,89.87,1005.0,3915.0,87.4,-102,11.0
2025-12-27 06:27:02,NODO 1.16,22.52,89.64,1005.0,3935.0,87.9,-111,4.3
2025-12-27 06:27:22,NODO 1.25,21.09,90.74,1005.0,3915.0,88.1,-109,-2.5
2025-12-27 06:28:57,NODO 1.21,22.71,85.79,1005.0,3891.0,88.2,-115,-1.0
2025-12-27 06:29:28,NODO 1.15,22.05,100.0,1006.0,3847.0,87.5,-113,
2025-12-27 06:30:51,NODO 1.6,21.46,96.27,1005.0,3886.0,87.2,-89,13.8
2025-12-27 06:31:48,NODO 1.4,22.43,86.8,1005.0,3945.0,87.3,-104,10.3
2025-12-27 06:32:05,NODO 1.17,22.42,84.4,1005.0,3891.0,87.1,-89,11.8
2025-12-27 06:34:35,NODO 1.26,22.7,91.64,1005.0,3886.0,87.0,-110,5.0
2025-12-27 06:35:00,NODO 1.14,23.11,90.58,1005.0,3915.0,87.7,-94,13.3
2025-12-27 06:35:15,NODO 1.22,22.6,88.74,1004.0,3905.0,87.9,-104,10.0
2025-12-27 06:36:18,NODO 1.2,22.84,96.93,1004.0,3905.0,87.5,-96,13.3
2025-12-27 06:36:38,NODO 1.12,22.62,89.32,1005.0,3915.0,87.8,-103,10.5
2025-12-27 06:37:45,NODO 1.31,22.6,89.03,1005.0,3871.0,87.6,-115,-1.5
2025-12-27 06:37:57,NODO 1.20,23.14,92.59,1006.0,3886.0,87.3,-108,4.8
2025-12-27 06:38:07,NODO 1.1,22.42,90.4,1004.0,3915.0,87.4,-107,8.0
2025-12-27 06:38:43,NODO 1.18,22.28,95.43,1005.0,3881.0,87.2,-99,12.0
2025-12-27 06:39:12,NODO 1.30,22.31,93.76,1005.0,3935.0,87.4,-116,-4.5
2025-12-27 06:40:30,NODO 1.9,23.25,82.88,1006.0,3915.0,87.8,-104,10.5
2025-12-27 06:43:38,NODO 1.29,22.48,89.59,1004.0,3896.0,87.9,-100,9.8
2025-12-27 06:43:40,NODO 1.27,22.25,87.56,1005.0,3631.0,85.1,-102,11.0
2025-12-27 06:46:33,NODO 1.32,23.28,100.0,1004.0,3949.0,85.8,-110,5.5
2025-12-27 06:47:35,NODO 1.11,23.01,88.62,1004.0,3969.0,86.1,-102,11.0
2025-12-27 06:49:56,NODO 1.24,21.04,95.09,1005.0,3935.0,86.3,-113,2.0
2025-12-27 06:50:59,NODO 1.10,22.45,87.2,1006.0,3915.0,86.5,-85,11.3
2025-12-27 06:51:59,NODO 1.8,22.57,99.0,1004.0,3900.0,89.2,-106,8.5
2025-12-27 06:52:09,NODO 1.3,22.66,85.45,1005.0,3886.0,88.5,-95,14.0
2025-12-27 06:54:05,NODO 1.5,22.83,90.84,1005.0,3891.0,87.8,-99,12.3
2025-12-27 06:55:33,NODO 1.28,22.92,98.48,1005.0,3886.0,87.3,-108,7.0
2025-12-27 06:56:10,NODO 1.19,21.51,87.64,1005.0,3915.0,87.3,-95,11.3
2025-12-27 06:56:44,NODO 1.7,22.34,90.62,1005.0,3905.0,87.3,-103,10.5
2025-12-27 06:57:00,NODO 1.16,22.87,89.18,1005.0,3925.0,87.7,-112,3.0
2025-12-27 06:57:18,NODO 1.25,21.45,91.83,1005.0,3915.0,88.0,-115,-2.5
2025-12-27 06:58:54,NODO 1.21,22.78,86.22,1005.0,3881.0,87.9,-115,-6.8
2025-12-27 06:59:23,NODO 1.15,22.48,100.0,1006.0,3851.0,87.3,-114,1.0
2025-12-27 07:00:47,NODO 1.6,21.77,97.15,1006.0,3886.0,87.1,-91,13.5
2025-12-27 07:01:43,NODO 1.4,22.63,88.47,1005.0,3935.0,87.2,-101,11.5
2025-12-27 07:01:59,NODO 1.17,22.7,84.83,1005.0,3891.0,86.9,-89,13.5
2025-12-27 07:04:32,NODO 1.26,22.87,92.47,1006.0,3886.0,87.0,-109,6.5
2025-12-27 07:04:55,NODO 1.14,23.32,89.97,1006.0,3915.0,87.6,-92,13.5
2025-12-27 07:05:12,NODO 1.22,22.83,89.38,1004.0,3915.0,87.9,-103,10.8
2025-12-27 07:06:13,NODO 1.2,22.95,99.16,1005.0,3900.0,87.6,-100,11.8
2025-12-27 07:06:36,NODO 1.12,22.91,90.03,1006.0,3915.0,87.8,-102,10.8
2025-12-27 07:07:39,NODO 1.31,22.8,88.65,1005.0,3861.0,87.6,-115,-1.5
2025-12-27 07:07:53,NODO 1.20,23.42,92.83,1006.0,3891.0,87.3,-106,8.5
2025-12-27 07:08:05,NODO 1.1,22.59,90.76,1005.0,3900.0,87.2,-108,7.3
2025-12-27 07:08:39,NODO 1.18,22.49,95.46,1005.0,3861.0,86.8,-106,4.5
2025-12-27 07:09:08,NODO 1.30,22.49,94.21,1006.0,3945.0,87.1,-109,5.5
2025-12-27 07:10:26,NODO 1.9,23.67,83.66,1006.0,3920.0,87.7,-103,9.0
2025-12-27 07:13:35,NODO 1.29,22.7,91.03,1004.0,3891.0,87.7,-97,13.0
2025-12-27 07:13:37,NODO 1.27,22.49,88.21,1006.0,3631.0,85.0,-94,13.5
2025-12-27 07:16:28,NODO 1.32,23.42,100.0,1005.0,3949.0,85.9,-108,6.8
2025-12-27 07:17:32,NODO 1.11,23.1,89.28,1004.0,3969.0,86.1,-101,11.3
2025-12-27 07:17:41,NODO 1.13,23.06,87.6,1005.0,3915.0,86.0,-113,1.8
2025-12-27 07:19:55,NODO 1.24,21.66,95.81,1005.0,3945.0,86.6,-111,3.8
2025-12-27 07:20:55,NODO 1.10,22.64,87.36,1006.0,3905.0,89.3,-86,13.8
2025-12-27 07:21:54,NODO 1.8,22.9,98.51,1004.0,3925.0,89.1,-103,10.3
2025-12-27 07:22:04,NODO 1.3,23.04,85.36,1006.0,3886.0,88.3,-94,12.5
2025-12-27 07:24:03,NODO 1.5,23.38,90.18,1005.0,3891.0,88.0,-93,13.0
2025-12-27 07:25:29,NODO 1.28,23.26,98.35,1006.0,3881.0,87.4,-105,9.3
2025-12-27 07:26:06,NODO 1.19,22.63,89.78,1006.0,3915.0,87.5,-91,13.8
2025-12-27 07:26:41,NODO 1.7,22.61,91.05,1005.0,3900.0,87.2,-101,11.5
2025-12-27 07:26:59,NODO 1.16,23.28,88.1,1005.0,3930.0,87.7,-114,0.5
2025-12-27 07:27:13,NODO 1.25,22.14,92.5,1006.0,3915.0,87.9,-115,-4.5
2025-12-27 07:28:50,NODO 1.21,23.14,86.08,1006.0,3891.0,88.0,-111,4.0
2025-12-27 07:29:34,NODO 1.15,26.96,87.8,1006.0,3871.0,87.6,-117,-7.3
2025-12-27 07:30:43,NODO 1.6,22.32,96.92,1006.0,3891.0,87.5,-88,14.0
2025-12-27 07:31:39,NODO 1.4,23.2,88.02,1005.0,3935.0,87.5,-102,10.8
2025-12-27 07:31:57,NODO 1.17,23.89,82.96,1005.0,3891.0,87.3,-89,13.5
2025-12-27 07:34:27,NODO 1.26,23.28,92.57,1006.0,3886.0,87.2,-107,7.5
2025-12-27 07:34:54,NODO 1.14,25.99,84.82,1006.0,3930.0,87.8,-95,13.3
2025-12-27 07:35:09,NODO 1.22,23.47,89.11,1005.0,3905.0,88.0,-107,7.5
2025-12-27 07:36:09,NODO 1.2,23.22,100.0,1005.0,3900.0,87.6,-97,13.0
2025-12-27 07:36:34,NODO 1.12,23.83,89.42,1006.0,3915.0,87.9,-103,10.3
2025-12-27 07:37:33,NODO 1.31,23.2,88.16,1006.0,3871.0,87.7,-113,2.3
2025-12-27 07:37:49,NODO 1.20,23.78,93.75,1006.0,3891.0,87.3,-107,6.5
2025-12-27 07:38:04,NODO 1.1,23.02,90.21,1005.0,3905.0,87.3,-106,8.5
2025-12-27 07:38:35,NODO 1.18,23.15,95.83,1005.0,3861.0,86.9,-105,9.3
2025-12-27 07:39:06,NODO 1.30,23.0,94.69,1006.0,3945.0,87.2,-112,3.5
2025-12-27 07:40:25,NODO 1.9,24.5,83.18,1006.0,3920.0,87.7,-101,6.5
2025-12-27 07:43:29,NODO 1.29,23.14,90.9,1005.0,3891.0,87.7,-97,12.8
2025-12-27 07:43:35,NODO 1.27,23.19,88.82,1006.0,3636.0,85.0,-101,11.5
2025-12-27 07:46:28,NODO 1.32,23.64,100.0,1005.0,3964.0,86.1,-109,6.8
2025-12-27 07:47:29,NODO 1.11,23.39,89.45,1004.0,3974.0,86.3,-108,7.0
2025-12-27 07:47:41,NODO 1.13,24.1,87.03,1006.0,3915.0,86.3,-110,4.0
2025-12-27 07:49:53,NODO 1.24,22.66,95.92,1006.0,3935.0,86.7,-114,
2025-12-27 07:50:52,NODO 1.10,23.25,89.19,1006.0,3905.0,89.4,-85,13.8
2025-12-27 07:51:52,NODO 1.8,23.67,98.45,1005.0,3925.0,89.0,-103,10.8
2025-12-27 07:51:59,NODO 1.3,24.06,85.22,1006.0,3886.0,88.2,-93,13.0
2025-12-27 07:54:01,NODO 1.5,24.59,87.65,1006.0,3900.0,88.0,-97,12.5
2025-12-27 07:55:27,NODO 1.28,23.77,98.01,1006.0,3891.0,87.6,-105,9.8
2025-12-27 07:56:07,NODO 1.19,27.39,73.29,1006.0,3925.0,87.8,-84,14.3
2025-12-27 07:56:36,NODO 1.7,23.16,92.05,1006.0,3905.0,87.6,-103,10.5
2025-12-27 07:56:56,NODO 1.16,23.86,87.64,1006.0,3925.0,88.0,-112,-1.8
2025-12-27 07:57:09,NODO 1.25,24.1,93.16,1006.0,3935.0,88.3,-113,-1.0
2025-12-27 07:58:47,NODO 1.21,23.72,86.48,1006.0,3891.0,88.3,-112,1.5
2025-12-27 07:59:34,NODO 1.15,32.41,73.9,1007.0,3886.0,87.9,-116,-2.3
2025-12-27 08:00:40,NODO 1.6,23.23,96.6,1007.0,3891.0,87.8,-90,13.5
2025-12-27 08:01:36,NODO 1.4,24.64,83.27,1006.0,3945.0,88.0,-103,9.0
2025-12-27 08:01:56,NODO 1.17,25.15,80.62,1006.0,3891.0,87.5,-89,13.5
2025-12-27 08:04:25,NODO 1.26,24.09,93.38,1007.0,3891.0,87.5,-107,8.0
2025-12-27 08:04:50,NODO 1.14,27.65,78.39,1006.0,3935.0,88.0,-95,13.5
2025-12-27 08:05:07,NODO 1.22,24.44,87.8,1005.0,3905.0,88.2,-100,12.0
2025-12-27 08:06:05,NODO 1.2,23.78,99.57,1005.0,3900.0,87.7,-93,13.3
2025-12-27 08:06:40,NODO 1.12,26.87,78.14,1007.0,3920.0,88.0,-107,8.0
2025-12-27 08:07:31,NODO 1.31,23.82,87.99,1006.0,3861.0,87.7,-111,4.3
2025-12-27 08:07:45,NODO 1.20,24.44,92.52,1007.0,3891.0,87.3,-117,-6.8
2025-12-27 08:08:04,NODO 1.1,23.83,89.39,1006.0,3915.0,87.4,-107,4.3
2025-12-27 08:08:33,NODO 1.18,24.3,95.45,1006.0,3861.0,87.0,-97,12.8
2025-12-27 08:09:04,NODO 1.30,23.86,94.68,1007.0,3945.0,87.2,-116,-3.8
2025-12-27 08:10:24,NODO 1.9,25.55,81.38,1007.0,3920.0,87.8,-102,10.5
2025-12-27 08:13:25,NODO 1.29,23.79,89.62,1005.0,3900.0,87.9,-96,12.8
2025-12-27 08:13:34,NODO 1.27,24.66,84.92,1007.0,3636.0,85.1,-97,12.8
2025-12-27 08:16:26,NODO 1.32,24.07,100.0,1006.0,3964.0,86.2,-110,5.8
2025-12-27 08:17:26,NODO 1.11,25.27,84.23,1005.0,3974.0,86.4,-104,9.3
2025-12-27 08:17:40,NODO 1.13,26.45,79.71,1006.0,3915.0,86.4,-110,4.5
2025-12-27 08:19:52,NODO 1.24,23.79,95.11,1006.0,3949.0,86.9,-112,3.3
2025-12-27 08:20:52,NODO 1.10,24.3,88.3,1007.0,3915.0,89.7,-85,14.0
2025-12-27 08:21:51,NODO 1.8,24.77,95.67,1005.0,3925.0,89.3,-105,9.3
2025-12-27 08:21:59,NODO 1.3,25.35,80.6,1007.0,3886.0,88.4,-93,13.0
2025-12-27 08:23:56,NODO 1.5,25.67,83.52,1006.0,3900.0,88.2,-98,12.5
2025-12-27 08:25:25,NODO 1.28,24.54,96.03,1006.0,3891.0,87.7,-105,7.5
2025-12-27 08:26:08,NODO 1.19,31.42,59.62,1007.0,3925.0,87.8,-90,13.3
2025-12-27 08:26:35,NODO 1.7,23.89,90.82,1006.0,3900.0,87.5,-102,11.0
2025-12-27 08:26:56,NODO 1.16,25.06,84.69,1006.0,3935.0,88.0,-114,0.5
2025-12-27 08:27:09,NODO 1.25,27.05,91.1,1006.0,3935.0,88.4,-115,-0.3
2025-12-27 08:28:44,NODO 1.21,24.46,85.3,1006.0,3891.0,88.4,-111,5.0
2025-12-27 08:30:37,NODO 1.6,24.37,93.88,1007.0,3891.0,88.0,-88,14.5
2025-12-27 08:31:37,NODO 1.4,29.71,64.74,1006.0,3949.0,88.5,-102,10.8
2025-12-27 08:31:55,NODO 1.17,30.57,61.36,1006.0,3900.0,88.2,-89,13.8
2025-12-27 08:34:23,NODO 1.26,25.13,88.61,1007.0,3886.0,87.7,-106,8.3
2025-12-27 08:34:54,NODO 1.14,31.55,63.8,1006.0,3935.0,88.1,-93,13.5
2025-12-27 08:35:06,NODO 1.22,25.7,81.27,1005.0,3915.0,88.3,-100,12.3
2025-12-27 08:36:01,NODO 1.2,24.44,97.58,1006.0,3900.0,87.9,-91,13.8
2025-12-27 08:36:34,NODO 1.12,27.74,75.24,1007.0,3925.0,88.1,-104,10.0
2025-12-27 08:37:28,NODO 1.31,24.72,86.85,1006.0,3871.0,88.0,-110,5.3
2025-12-27 08:37:42,NODO 1.20,25.26,89.18,1007.0,3891.0,87.5,-114,
2025-12-27 08:38:03,NODO 1.1,24.85,86.74,1006.0,3915.0,87.5,-107,8.0
2025-12-27 08:38:31,NODO 1.18,25.54,93.08,1006.0,3886.0,87.4,-98,9.3
2025-12-27 08:39:01,NODO 1.30,24.82,92.13,1007.0,3945.0,87.6,-112,3.0
2025-12-27 08:40:30,NODO 1.9,28.52,66.62,1007.0,3925.0,88.1,-102,10.8
2025-12-27 08:43:21,NODO 1.29,24.46,85.67,1005.0,3905.0,88.3,-97,12.3
2025-12-27 08:43:32,NODO 1.27,26.2,77.93,1007.0,3631.0,85.4,-94,13.5
2025-12-27 08:46:24,NODO 1.32,24.62,100.0,1006.0,3959.0,86.2,-111,4.5
2025-12-27 08:47:25,NODO 1.11,25.66,79.29,1005.0,3984.0,86.5,-103,10.8
2025-12-27 08:47:41,NODO 1.13,28.87,67.51,1006.0,3915.0,86.4,-113,2.3
2025-12-27 08:49:52,NODO 1.24,25.26,85.21,1006.0,3949.0,86.9,-112,-0.5
2025-12-27 08:51:52,NODO 1.8,27.05,86.07,1005.0,3935.0,89.9,-104,9.5
2025-12-27 08:51:58,NODO 1.3,26.5,75.52,1007.0,3886.0,89.2,-93,13.0
2025-12-27 08:53:54,NODO 1.5,27.02,72.7,1006.0,3900.0,88.3,-99,12.0
2025-12-27 08:55:22,NODO 1.28,25.48,92.9,1007.0,3891.0,88.1,-105,9.0
2025-12-27 08:56:07,NODO 1.19,33.82,48.41,1007.0,3930.0,87.9,-87,13.5
2025-12-27 08:56:35,NODO 1.7,25.14,78.42,1006.0,3915.0,87.7,-105,9.0
2025-12-27 08:56:53,NODO 1.16,26.11,77.87,1007.0,3930.0,88.2,-113,1.3
2025-12-27 08:57:08,NODO 1.25,30.9,57.5,1006.0,3935.0,88.5,-113,2.3
2025-12-27 08:58:40,NODO 1.21,25.21,78.55,1007.0,3891.0,88.5,-109,0.8
2025-12-27 08:59:42,NODO 1.15,40.73,51.45,1007.0,3891.0,88.1,-118,-8.8
2025-12-27 09:00:39,NODO 1.6,28.87,72.64,1007.0,3896.0,87.9,-93,13.0
2025-12-27 09:01:36,NODO 1.4,35.81,46.54,1006.0,3949.0,88.1,-103,10.3
2025-12-27 09:01:56,NODO 1.17,34.5,46.73,1006.0,3900.0,87.8,-88,14.3
2025-12-27 09:04:20,NODO 1.26,26.18,77.46,1007.0,3891.0,87.8,-108,7.3
2025-12-27 09:04:44,NODO 1.14,30.45,60.39,1006.0,3930.0,88.2,-93,11.3
2025-12-27 09:05:05,NODO 1.22,26.61,71.52,1005.0,3915.0,88.3,-102,9.3
2025-12-27 09:05:58,NODO 1.2,25.17,91.71,1006.0,3905.0,87.9,-98,10.5
2025-12-27 09:06:31,NODO 1.12,28.59,64.05,1007.0,3925.0,88.2,-103,10.5
2025-12-27 09:07:22,NODO 1.31,25.66,82.39,1007.0,3871.0,88.0,-113,3.3
2025-12-27 09:07:40,NODO 1.20,26.3,79.43,1007.0,3891.0,87.6,-112,2.5
2025-12-27 09:08:02,NODO 1.1,25.9,83.51,1006.0,3905.0,87.5,-110,4.5
2025-12-27 09:08:27,NODO 1.18,26.77,84.28,1006.0,3886.0,87.3,-98,13.0
2025-12-27 09:08:59,NODO 1.30,26.3,76.36,1007.0,3945.0,87.5,-111,5.0
2025-12-27 09:10:35,NODO 1.9,33.98,49.29,1007.0,3935.0,88.1,-105,8.8
2025-12-27 09:13:20,NODO 1.29,25.24,79.96,1005.0,3896.0,88.2,-92,13.8
2025-12-27 09:13:28,NODO 1.27,27.08,71.24,1007.0,3631.0,85.4,-96,13.0
2025-12-27 09:16:21,NODO 1.32,25.2,98.68,1006.0,3964.0,86.2,-108,6.5
2025-12-27 09:17:23,NODO 1.11,25.96,77.39,1005.0,3984.0,86.6,-103,8.8
2025-12-27 09:17:39,NODO 1.13,29.12,65.84,1006.0,3935.0,86.6,-111,2.0
2025-12-27 09:19:50,NODO 1.24,26.18,83.94,1006.0,3945.0,87.1,-111,4.3
2025-12-27 09:20:48,NODO 1.10,26.09,76.57,1007.0,3915.0,89.9,-87,13.3
2025-12-27 09:21:48,NODO 1.8,27.72,78.31,1005.0,3925.0,89.5,-107,7.0
2025-12-27 09:21:55,NODO 1.3,27.06,69.78,1007.0,3886.0,88.6,-93,11.0
2025-12-27 09:23:54,NODO 1.5,28.59,68.35,1006.0,3900.0,88.2,-100,12.0
2025-12-27 09:25:19,NODO 1.28,26.17,88.46,1007.0,3891.0,87.7,-107,8.3
2025-12-27 09:26:05,NODO 1.19,33.95,49.99,1007.0,3935.0,87.9,-91,11.5
2025-12-27 09:26:34,NODO 1.7,25.6,80.41,1006.0,3915.0,87.8,-105,9.3
2025-12-27 09:26:53,NODO 1.16,26.58,74.79,1007.0,3935.0,88.3,-112,3.5
2025-12-27 09:27:06,NODO 1.25,31.29,58.19,1006.0,3935.0,88.6,-115,-0.3
2025-12-27 09:28:37,NODO 1.21,25.86,77.41,1007.0,3891.0,88.6,-111,4.0
2025-12-27 09:29:30,NODO 1.15,37.16,55.5,1007.0,3886.0,88.1,-117,-6.0
2025-12-27 09:30:41,NODO 1.6,34.05,55.44,1007.0,3896.0,87.9,-92,13.5
2025-12-27 09:31:33,NODO 1.4,32.47,53.88,1006.0,3949.0,88.1,-100,12.0
2025-12-27 09:31:51,NODO 1.17,32.14,53.72,1006.0,3896.0,87.7,-90,13.8
2025-12-27 09:34:16,NODO 1.26,26.94,75.22,1007.0,3891.0,87.7,-109,3.0
2025-12-27 09:34:32,NODO 1.14,29.55,66.97,1007.0,3930.0,88.1,-88,14.0
2025-12-27 09:35:01,NODO 1.22,27.2,75.26,1005.0,3915.0,88.3,-97,12.5
2025-12-27 09:35:55,NODO 1.2,25.97,88.71,1006.0,3905.0,87.9,-90,14.0
2025-12-27 09:36:27,NODO 1.12,28.86,68.77,1007.0,3925.0,88.2,-104,10.5
2025-12-27 09:37:15,NODO 1.31,26.34,78.18,1007.0,3871.0,88.0,-112,4.0
2025-12-27 09:37:35,NODO 1.20,26.61,83.34,1007.0,3896.0,87.6,-111,4.0
2025-12-27 09:38:00,NODO 1.1,26.74,79.22,1006.0,3915.0,87.6,-106,8.8
2025-12-27 09:38:23,NODO 1.18,27.36,82.75,1006.0,3891.0,87.5,-100,10.0
2025-12-27 09:38:55,NODO 1.30,26.61,79.88,1007.0,3945.0,87.7,-107,7.8
2025-12-27 09:40:27,NODO 1.9,36.49,42.68,1007.0,3935.0,88.3,-104,10.3
2025-12-27 09:43:15,NODO 1.29,26.12,79.13,1005.0,3905.0,88.4,-96,13.0
2025-12-27 09:43:24,NODO 1.27,27.84,66.92,1007.0,3631.0,85.6,-100,10.5
2025-12-27 09:46:17,NODO 1.32,25.62,98.49,1006.0,3959.0,86.2,-110,3.3
2025-12-27 09:47:20,NODO 1.11,26.0,77.61,1005.0,3974.0,86.5,-111,4.5
2025-12-27 09:47:36,NODO 1.13,29.62,61.47,1006.0,3935.0,86.5,-111,3.5
2025-12-27 09:49:49,NODO 1.24,28.19,70.24,1006.0,3949.0,87.0,-110,5.8
2025-12-27 09:50:46,NODO 1.10,26.64,71.34,1007.0,3915.0,89.8,-87,10.8
2025-12-27 09:51:47,NODO 1.8,28.69,77.97,1005.0,3935.0,89.6,-105,9.5
2025-12-27 09:51:50,NODO 1.3,27.52,72.68,1007.0,3886.0,88.7,-94,12.8
2025-12-27 09:53:55,NODO 1.5,30.5,59.97,1006.0,3915.0,88.5,-100,10.5
2025-12-27 09:55:16,NODO 1.28,27.52,83.29,1007.0,3891.0,87.9,-108,7.5
2025-12-27 09:56:01,NODO 1.19,33.18,51.7,1007.0,3930.0,88.1,-92,13.3
2025-12-27 09:56:30,NODO 1.7,25.85,80.76,1006.0,3915.0,87.9,-102,9.3
2025-12-27 09:56:52,NODO 1.16,27.17,73.19,1006.0,3925.0,88.3,-115,0.3
2025-12-27 09:57:01,NODO 1.25,31.68,55.66,1006.0,3935.0,88.5,-117,-6.0
2025-12-27 09:58:35,NODO 1.21,26.39,75.11,1006.0,3886.0,88.4,-115,-1.5
2025-12-27 09:59:23,NODO 1.15,36.33,59.19,1007.0,3886.0,88.0,-117,-7.0
2025-12-27 10:00:37,NODO 1.6,36.9,48.95,1007.0,3905.0,87.9,-90,13.5
2025-12-27 10:01:30,NODO 1.4,32.64,53.95,1006.0,3949.0,88.1,-98,12.8
2025-12-27 10:01:46,NODO 1.17,32.75,54.8,1006.0,3891.0,87.7,-92,13.3
2025-12-27 10:04:13,NODO 1.26,27.83,74.94,1007.0,3891.0,87.7,-109,2.8
2025-12-27 10:04:26,NODO 1.14,29.01,67.83,1006.0,3930.0,88.2,-94,13.5
2025-12-27 10:04:58,NODO 1.22,28.14,69.52,1005.0,3915.0,88.3,-104,8.8
2025-12-27 10:05:51,NODO 1.2,27.0,85.82,1006.0,3905.0,87.8,-100,12.3
2025-12-27 10:06:24,NODO 1.12,28.45,70.91,1007.0,3920.0,88.1,-103,7.8
2025-12-27 10:07:11,NODO 1.31,26.77,76.52,1006.0,3871.0,87.9,-108,7.3
2025-12-27 10:07:31,NODO 1.20,27.25,78.91,1007.0,3896.0,87.6,-111,3.8
2025-12-27 10:07:59,NODO 1.1,27.91,73.54,1006.0,3915.0,87.6,-106,9.0
2025-12-27 10:08:20,NODO 1.18,28.29,79.15,1006.0,3886.0,87.4,-101,12.0
2025-12-27 10:08:52,NODO 1.30,27.38,80.67,1007.0,3945.0,87.6,-109,6.5
2025-12-27 10:10:22,NODO 1.9,36.46,43.51,1007.0,3935.0,88.3,-107,7.5
2025-12-27 10:13:11,NODO 1.29,27.01,76.34,1005.0,3891.0,88.2,-98,12.8
2025-12-27 10:13:20,NODO 1.27,28.62,65.19,1006.0,3631.0,85.4,-95,13.8
2025-12-27 10:16:14,NODO 1.32,26.27,91.31,1005.0,3959.0,86.1,-106,
2025-12-27 10:17:19,NODO 1.11,26.51,78.3,1005.0,3984.0,86.5,-104,8.5
2025-12-27 10:17:35,NODO 1.13,30.5,58.65,1006.0,3935.0,86.5,-107,8.3
2025-12-27 10:19:49,NODO 1.24,30.27,57.5,1006.0,3949.0,87.1,-110,-2.5
2025-12-27 10:20:43,NODO 1.10,27.61,67.35,1007.0,3915.0,89.9,-87,13.3
2025-12-27 10:21:46,NODO 1.8,30.27,71.39,1005.0,3925.0,89.6,-112,3.0
2025-12-27 10:21:49,NODO 1.3,28.43,61.99,1006.0,3886.0,88.6,-96,13.0
2025-12-27 10:23:56,NODO 1.5,33.09,50.35,1006.0,3915.0,88.4,-96,12.3
2025-12-27 10:25:24,NODO 1.28,30.62,72.21,1006.0,3891.0,87.8,-108,6.8
2025-12-27 10:26:01,NODO 1.19,34.8,45.62,1006.0,3935.0,88.0,-90,13.3
2025-12-27 10:26:29,NODO 1.7,26.94,71.01,1006.0,3915.0,87.9,-104,10.0
2025-12-27 10:26:51,NODO 1.16,28.54,66.5,1006.0,3935.0,88.4,-115,-6.0
2025-12-27 10:26:58,NODO 1.25,32.81,48.15,1006.0,3935.0,88.6,-117,-5.3
2025-12-27 10:28:33,NODO 1.21,27.5,66.22,1006.0,3891.0,88.6,-115,-0.3
2025-12-27 10:29:26,NODO 1.15,39.86,50.26,1006.0,3886.0,88.1,-116,-4.0
2025-12-27 10:30:40,NODO 1.6,38.81,38.7,1006.0,3905.0,88.0,-90,13.5
2025-12-27 10:31:25,NODO 1.4,32.34,51.72,1006.0,3945.0,88.1,-105,9.5
2025-12-27 10:31:46,NODO 1.17,33.27,46.5,1005.0,3891.0,87.7,-89,13.8
2025-12-27 10:34:12,NODO 1.26,28.8,68.57,1006.0,3891.0,87.7,-108,4.5
2025-12-27 10:34:22,NODO 1.14,29.2,65.34,1006.0,3935.0,88.2,-89,13.5
2025-12-27 10:34:54,NODO 1.22,29.04,63.01,1005.0,3920.0,88.3,-103,10.5
2025-12-27 10:35:47,NODO 1.2,27.72,83.99,1005.0,3905.0,87.9,-95,11.5
2025-12-27 10:36:20,NODO 1.12,29.32,63.7,1006.0,3925.0,88.3,-104,10.0
2025-12-27 10:37:08,NODO 1.31,27.49,69.63,1006.0,3871.0,88.1,-110,3.8
2025-12-27 10:38:00,NODO 1.1,28.68,69.15,1005.0,3915.0,87.9,-109,6.8
2025-12-27 10:38:18,NODO 1.18,29.08,75.07,1006.0,3891.0,87.6,-97,12.8
2025-12-27 10:38:49,NODO 1.30,27.92,72.44,1006.0,3945.0,88.0,-110,5.5
2025-12-27 10:40:14,NODO 1.9,36.68,42.86,1006.0,3935.0,88.1,-103,10.8
2025-12-27 10:43:08,NODO 1.29,27.32,70.98,1005.0,3905.0,88.4,-94,13.3
2025-12-27 10:43:16,NODO 1.27,28.72,64.83,1006.0,3631.0,85.6,-100,12.0
2025-12-27 10:46:13,NODO 1.32,26.61,93.27,1005.0,3964.0,86.3,-109,6.5
2025-12-27 10:47:15,NODO 1.11,26.56,76.61,1004.0,3984.0,86.7,-100,12.0
2025-12-27 10:47:30,NODO 1.13,30.43,56.79,1006.0,3930.0,86.6,-112,2.8
2025-12-27 10:50:40,NODO 1.10,27.98,64.46,1006.0,3915.0,86.7,-89,14.3
2025-12-27 10:51:45,NODO 1.8,34.68,64.29,1005.0,3935.0,89.8,-102,10.8
2025-12-27 10:51:48,NODO 1.3,28.8,61.65,1006.0,3886.0,89.0,-94,12.8
2025-12-27 10:53:49,NODO 1.5,34.68,47.04,1005.0,3915.0,88.3,-95,13.8
2025-12-27 10:55:18,NODO 1.28,30.03,73.95,1006.0,3891.0,87.9,-109,6.5
2025-12-27 10:55:58,NODO 1.19,34.82,45.08,1006.0,3930.0,88.1,-86,13.5
2025-12-27 10:56:27,NODO 1.7,27.26,72.95,1006.0,3915.0,87.9,-107,8.0
2025-12-27 10:56:49,NODO 1.16,29.26,60.72,1006.0,3935.0,88.4,-116,-5.5
2025-12-27 10:56:52,NODO 1.25,33.75,46.47,1005.0,3935.0,88.6,-115,-1.3
2025-12-27 10:58:29,NODO 1.21,29.01,59.38,1006.0,3886.0,88.5,-109,6.5
2025-12-27 10:59:14,NODO 1.15,39.59,50.0,1006.0,3886.0,88.1,-117,-6.3
2025-12-27 11:00:37,NODO 1.6,42.62,33.49,1006.0,3905.0,88.0,-93,13.0
2025-12-27 11:01:20,NODO 1.4,33.75,48.26,1005.0,3949.0,88.1,-102,10.5
2025-12-27 11:01:42,NODO 1.17,33.43,46.09,1005.0,3900.0,87.8,-90,14.0
2025-12-27 11:04:08,NODO 1.26,29.77,65.44,1006.0,3891.0,87.8,-111,4.0
2025-12-27 11:04:19,NODO 1.14,30.15,59.95,1006.0,3930.0,88.2,-86,13.5
2025-12-27 11:04:50,NODO 1.22,29.94,58.18,1004.0,3920.0,88.4,-96,13.0
2025-12-27 11:05:43,NODO 1.2,28.59,80.97,1005.0,3905.0,88.0,-89,13.8
2025-12-27 11:06:18,NODO 1.12,30.21,61.82,1006.0,3925.0,88.2,-110,6.0
2025-12-27 11:07:03,NODO 1.31,28.35,67.21,1006.0,3871.0,88.0,-111,4.5
2025-12-27 11:07:25,NODO 1.20,28.71,73.01,1006.0,3896.0,87.7,-112,3.5
2025-12-27 11:08:04,NODO 1.1,34.74,51.55,1005.0,3915.0,87.6,-106,8.8
2025-12-27 11:08:19,NODO 1.18,32.02,64.54,1005.0,3900.0,87.6,-98,12.0
2025-12-27 11:08:46,NODO 1.30,29.39,64.15,1006.0,3945.0,87.8,-108,2.5
2025-12-27 11:10:23,NODO 1.9,43.26,29.94,1006.0,3945.0,88.5,-104,10.5
2025-12-27 11:13:08,NODO 1.29,28.62,66.84,1004.0,3905.0,88.6,-96,13.0
2025-12-27 11:13:15,NODO 1.27,30.05,55.2,1006.0,3636.0,85.8,-99,12.5
2025-12-27 11:16:12,NODO 1.32,27.86,80.84,1005.0,3964.0,86.5,-109,6.5
2025-12-27 11:17:11,NODO 1.11,27.2,72.96,1004.0,3974.0,86.7,-101,11.5
2025-12-27 11:17:32,NODO 1.13,31.38,52.7,1005.0,3935.0,86.6,-108,7.8
2025-12-27 11:19:54,NODO 1.24,38.5,36.61,1005.0,3964.0,87.2,-116,-2.5
2025-12-27 11:20:37,NODO 1.10,28.77,62.8,1006.0,3920.0,90.1,-89,14.0
2025-12-27 11:21:44,NODO 1.3,29.59,56.98,1006.0,3886.0,89.3,-95,13.3
2025-12-27 11:21:50,NODO 1.8,36.02,55.33,1004.0,3945.0,89.0,-108,7.3
2025-12-27 11:23:47,NODO 1.5,33.68,47.34,1005.0,3915.0,88.8,-95,13.3
2025-12-27 11:25:14,NODO 1.28,30.38,67.88,1005.0,3891.0,88.1,-109,6.0
2025-12-27 11:25:56,NODO 1.19,35.41,45.52,1005.0,3930.0,88.2,-95,13.3
2025-12-27 11:26:24,NODO 1.7,27.56,69.7,1005.0,3915.0,88.5,-104,10.0
2025-12-27 11:26:47,NODO 1.25,33.78,46.47,1005.0,3935.0,88.4,-112,3.3
2025-12-27 11:26:49,NODO 1.16,29.69,58.11,1005.0,3935.0,88.6,-112,3.0
2025-12-27 11:28:26,NODO 1.21,29.27,57.54,1005.0,3891.0,88.6,-111,-0.8
2025-12-27 11:29:07,NODO 1.15,36.41,55.65,1005.0,3886.0,88.1,-117,-6.0
2025-12-27 11:30:27,NODO 1.6,40.86,35.0,1005.0,3905.0,88.0,-90,13.5
2025-12-27 11:31:15,NODO 1.4,33.81,47.31,1005.0,3949.0,88.2,-107,7.3
2025-12-27 11:31:35,NODO 1.17,33.21,50.29,1004.0,3900.0,87.8,-90,13.8
2025-12-27 11:34:02,NODO 1.26,30.16,63.09,1005.0,3891.0,87.8,-108,6.8
2025-12-27 11:34:15,NODO 1.14,30.38,61.9,1005.0,3930.0,88.2,-86,13.8
2025-12-27 11:34:46,NODO 1.22,30.38,58.44,1004.0,3920.0,88.4,-106,8.8
2025-12-27 11:35:41,NODO 1.2,29.12,75.86,1004.0,3905.0,88.0,-90,13.8
2025-12-27 11:36:13,NODO 1.12,30.46,57.67,1005.0,3925.0,88.2,-104,10.0
2025-12-27 11:36:57,NODO 1.31,28.75,65.32,1005.0,3881.0,88.1,-109,4.0
2025-12-27 11:37:21,NODO 1.20,29.19,69.79,1006.0,3900.0,87.8,-114,-0.5
2025-12-27 11:37:58,NODO 1.1,35.91,47.98,1004.0,3915.0,87.8,-112,3.8
2025-12-27 11:38:11,NODO 1.18,31.64,66.26,1005.0,3900.0,87.7,-100,12.0
2025-12-27 11:38:43,NODO 1.30,29.71,62.23,1005.0,3959.0,88.0,-114,-1.3
2025-12-27 11:40:12,NODO 1.9,39.13,34.05,1005.0,3935.0,88.6,-106,8.5
2025-12-27 11:43:05,NODO 1.29,29.14,61.02,1004.0,3905.0,88.6,-98,12.3
2025-12-27 11:43:11,NODO 1.27,30.43,55.85,1005.0,3636.0,85.8,-94,13.3
2025-12-27 11:46:07,NODO 1.32,28.41,76.91,1004.0,3964.0,86.5,-113,1.5
2025-12-27 11:47:05,NODO 1.11,27.57,71.63,1003.0,3984.0,86.7,-102,10.8
2025-12-27 11:47:29,NODO 1.13,32.13,52.05,1005.0,3935.0,86.7,-112,4.5
2025-12-27 11:49:57,NODO 1.24,39.37,35.05,1005.0,3974.0,87.4,-112,-1.0
2025-12-27 11:50:36,NODO 1.10,29.38,61.93,1005.0,3925.0,90.3,-87,14.0
2025-12-27 11:51:40,NODO 1.3,30.23,56.92,1005.0,3886.0,89.5,-94,13.0
2025-12-27 11:51:47,NODO 1.8,33.93,60.22,1004.0,3935.0,89.0,-105,8.8
2025-12-27 11:53:46,NODO 1.5,35.14,44.27,1004.0,3920.0,88.9,-114,1.5
2025-12-27 11:55:13,NODO 1.28,30.66,68.68,1005.0,3891.0,88.1,-107,8.3
2025-12-27 11:55:56,NODO 1.19,36.75,40.21,1005.0,3935.0,88.2,-94,13.5
2025-12-27 11:56:20,NODO 1.7,27.99,67.69,1004.0,3915.0,88.5,-103,8.3
2025-12-27 11:56:44,NODO 1.25,34.75,44.22,1004.0,3935.0,88.5,-114,-2.0
2025-12-27 11:56:47,NODO 1.16,29.82,58.0,1005.0,3935.0,88.6,-113,2.3
2025-12-27 11:58:23,NODO 1.21,29.28,58.12,1005.0,3891.0,88.6,-112,3.3
2025-12-27 11:59:04,NODO 1.15,36.14,56.34,1005.0,3886.0,88.1,-116,-7.0
2025-12-27 12:00:25,NODO 1.6,41.4,34.83,1004.0,3905.0,88.0,-93,11.0
2025-12-27 12:01:10,NODO 1.4,34.0,46.6,1004.0,3949.0,88.2,-104,10.5
2025-12-27 12:01:33,NODO 1.17,33.22,48.0,1004.0,3900.0,87.8,-89,13.5
2025-12-27 12:03:58,NODO 1.26,30.52,58.85,1005.0,3891.0,87.8,-109,6.5
2025-12-27 12:04:11,NODO 1.14,31.21,56.79,1005.0,3930.0,88.2,-86,13.8
2025-12-27 12:04:44,NODO 1.22,30.63,56.82,1003.0,3915.0,88.3,-105,9.0
2025-12-27 12:05:35,NODO 1.2,30.06,71.75,1004.0,3915.0,88.0,-92,13.3
2025-12-27 12:06:09,NODO 1.12,30.72,56.22,1005.0,3930.0,88.3,-104,10.3
2025-12-27 12:06:53,NODO 1.31,29.27,61.9,1005.0,3886.0,88.3,-110,5.3
2025-12-27 12:07:17,NODO 1.20,29.92,65.95,1005.0,3900.0,88.0,-113,1.3
2025-12-27 12:07:57,NODO 1.1,38.54,42.25,1004.0,3915.0,88.0,-105,9.3
2025-12-27 12:08:08,NODO 1.18,32.24,62.31,1004.0,3891.0,87.7,-95,13.0
2025-12-27 12:08:39,NODO 1.30,30.37,59.05,1005.0,3945.0,87.9,-116,-5.0
2025-12-27 12:10:04,NODO 1.9,41.93,32.91,1005.0,3935.0,88.4,-102,9.0
2025-12-27 12:13:01,NODO 1.29,29.85,59.2,1003.0,3905.0,88.4,-96,10.5
2025-12-27 12:13:08,NODO 1.27,30.86,53.35,1005.0,3636.0,85.6,-91,14.0
2025-12-27 12:16:04,NODO 1.32,29.0,75.12,1004.0,3964.0,86.3,-109,6.8
2025-12-27 12:17:01,NODO 1.11,28.3,63.93,1003.0,3984.0,86.7,-108,7.3
2025-12-27 12:17:26,NODO 1.13,31.82,50.85,1004.0,3935.0,86.7,-115,-0.5
2025-12-27 12:19:56,NODO 1.24,40.81,31.92,1004.0,3974.0,87.4,-114,1.0
2025-12-27 12:20:32,NODO 1.10,30.0,55.72,1005.0,3915.0,90.2,-86,14.0
2025-12-27 12:21:39,NODO 1.3,30.48,53.39,1005.0,3886.0,89.4,-99,9.0
2025-12-27 12:21:42,NODO 1.8,33.29,60.49,1003.0,3935.0,89.0,-100,12.3
2025-12-27 12:23:46,NODO 1.5,35.84,39.82,1004.0,3915.0,88.8,-100,10.0
2025-12-27 12:25:09,NODO 1.28,30.78,68.17,1004.0,3896.0,88.0,-116,-4.3
2025-12-27 12:25:55,NODO 1.19,36.93,36.68,1004.0,3935.0,88.2,-94,13.3
2025-12-27 12:26:21,NODO 1.7,28.71,61.4,1004.0,3915.0,88.5,-107,7.8
2025-12-27 12:26:46,NODO 1.16,29.85,55.37,1004.0,3935.0,88.5,-113,2.0
2025-12-27 12:28:20,NODO 1.21,29.68,54.25,1004.0,3891.0,88.2,-111,3.5
2025-12-27 12:29:02,NODO 1.15,33.09,58.83,1005.0,3871.0,88.0,-115,-1.8
2025-12-27 12:30:21,NODO 1.6,38.24,35.58,1004.0,3905.0,87.7,-89,13.8
2025-12-27 12:31:07,NODO 1.4,32.46,47.45,1004.0,3949.0,88.0,-103,10.8
2025-12-27 12:31:29,NODO 1.17,32.56,46.12,1004.0,3896.0,87.6,-90,13.0
2025-12-27 12:33:54,NODO 1.26,30.38,58.42,1005.0,3891.0,87.6,-112,3.5
2025-12-27 12:34:03,NODO 1.14,30.64,54.59,1004.0,3930.0,88.2,-85,13.5
2025-12-27 12:34:41,NODO 1.22,30.96,52.79,1003.0,3920.0,88.4,-114,-4.0
2025-12-27 12:35:32,NODO 1.2,30.02,72.42,1003.0,3905.0,87.9,-89,13.5
2025-12-27 12:36:06,NODO 1.12,30.58,57.39,1005.0,3925.0,88.2,-104,9.5
2025-12-27 12:36:46,NODO 1.31,29.42,57.93,1004.0,3871.0,88.0,-108,7.3
2025-12-27 12:37:12,NODO 1.20,29.64,67.33,1005.0,3900.0,87.7,-105,10.0
2025-12-27 12:37:53,NODO 1.1,35.97,43.9,1003.0,3915.0,87.7,-104,9.8
2025-12-27 12:38:05,NODO 1.18,32.09,60.98,1004.0,3900.0,87.6,-96,12.8
2025-12-27 12:38:35,NODO 1.30,30.26,57.83,1004.0,3959.0,88.0,-115,0.5
2025-12-27 12:39:54,NODO 1.9,38.91,35.18,1004.0,3935.0,88.6,-102,11.0
2025-12-27 12:42:58,NODO 1.29,29.96,57.2,1003.0,3915.0,88.7,-95,13.8
2025-12-27 12:43:03,NODO 1.27,30.85,51.79,1004.0,3636.0,86.0,-100,12.0
2025-12-27 12:46:00,NODO 1.32,29.14,76.15,1003.0,3969.0,86.6,-114,0.3
2025-12-27 12:46:57,NODO 1.11,28.4,67.05,1003.0,3989.0,86.9,-107,8.3
2025-12-27 12:47:20,NODO 1.13,32.11,53.69,1004.0,3935.0,86.9,-113,0.8
2025-12-27 12:49:50,NODO 1.24,41.35,31.05,1004.0,3974.0,87.5,-112,3.0
2025-12-27 12:50:27,NODO 1.10,30.22,56.35,1004.0,3915.0,90.3,-88,13.8
2025-12-27 12:51:35,NODO 1.3,30.71,53.19,1004.0,3891.0,89.5,-94,13.5
2025-12-27 12:51:38,NODO 1.8,33.0,58.62,1003.0,3935.0,89.0,-110,2.5
2025-12-27 12:53:40,NODO 1.5,36.3,40.0,1003.0,3915.0,88.8,-97,12.3
2025-12-27 12:55:05,NODO 1.28,31.04,64.12,1004.0,3891.0,88.0,-109,1.5
2025-12-27 12:55:51,NODO 1.19,38.11,36.15,1004.0,3935.0,88.2,-89,13.8
2025-12-27 12:56:24,NODO 1.7,30.06,58.03,1003.0,3920.0,88.5,-111,4.5
2025-12-27 12:56:35,NODO 1.25,36.48,38.8,1003.0,3935.0,88.5,-114,
2025-12-27 12:56:43,NODO 1.16,30.05,54.75,1004.0,3935.0,88.7,-116,-2.5
2025-12-27 12:58:18,NODO 1.21,30.36,51.12,1004.0,3891.0,88.7,-110,3.8
2025-12-27 13:00:23,NODO 1.6,41.52,30.94,1003.0,3896.0,88.3,-102,11.0
2025-12-27 13:01:03,NODO 1.4,32.98,46.12,1003.0,3949.0,88.6,-101,9.3
2025-12-27 13:01:26,NODO 1.17,33.31,45.09,1003.0,3900.0,88.2,-94,13.0
2025-12-27 13:03:55,NODO 1.26,31.32,51.96,1004.0,3891.0,87.8,-113,3.0
2025-12-27 13:04:00,NODO 1.14,31.26,56.1,1004.0,3935.0,88.2,-89,11.0
2025-12-27 13:04:44,NODO 1.22,32.55,47.74,1002.0,3920.0,88.5,-97,12.8
2025-12-27 13:05:35,NODO 1.2,30.96,69.1,1003.0,3905.0,88.0,-90,14.0
2025-12-27 13:06:05,NODO 1.12,30.93,55.91,1004.0,3925.0,88.3,-104,9.5
2025-12-27 13:06:43,NODO 1.31,29.85,55.87,1004.0,3871.0,88.1,-110,2.0
2025-12-27 13:07:09,NODO 1.20,30.1,64.68,1004.0,3900.0,87.7,-108,6.5
2025-12-27 13:07:52,NODO 1.1,34.03,45.34,1003.0,3915.0,87.7,-110,4.3
2025-12-27 13:08:04,NODO 1.18,32.46,56.95,1003.0,3896.0,87.6,-95,13.3
2025-12-27 13:08:31,NODO 1.30,30.67,53.05,1004.0,3945.0,87.8,-111,4.0
2025-12-27 13:09:51,NODO 1.9,37.81,35.1,1004.0,3935.0,88.4,-105,9.3
2025-12-27 13:12:55,NODO 1.29,30.14,54.26,1002.0,3905.0,88.5,-98,13.0
2025-12-27 13:13:00,NODO 1.27,31.1,49.19,1004.0,3636.0,85.7,-98,12.8
2025-12-27 13:15:55,NODO 1.32,29.28,70.95,1003.0,3964.0,86.3,-111,4.8
2025-12-27 13:16:55,NODO 1.11,28.54,63.81,1002.0,3984.0,86.7,-102,10.8
2025-12-27 13:17:16,NODO 1.13,32.09,47.38,1003.0,3935.0,86.7,-108,7.0
2025-12-27 13:19:44,NODO 1.24,39.93,33.5,1003.0,3969.0,87.4,-113,1.0
2025-12-27 13:20:23,NODO 1.10,30.29,54.88,1004.0,3915.0,90.2,-89,14.3
2025-12-27 13:21:31,NODO 1.3,30.8,51.41,1003.0,3881.0,89.3,-100,11.8
2025-12-27 13:21:34,NODO 1.8,33.04,60.36,1002.0,3935.0,88.8,-104,9.5
2025-12-27 13:23:34,NODO 1.5,36.45,39.78,1003.0,3920.0,88.7,-100,12.0
2025-12-27 13:25:00,NODO 1.28,30.94,63.34,1003.0,3891.0,87.9,-111,4.0
2025-12-27 13:25:48,NODO 1.19,39.03,34.79,1003.0,3935.0,88.1,-85,13.8
2025-12-27 13:26:22,NODO 1.7,29.69,60.9,1003.0,3915.0,88.5,-107,7.8
2025-12-27 13:26:27,NODO 1.25,36.29,38.1,1003.0,3935.0,88.5,-114,-0.5
2025-12-27 13:26:42,NODO 1.16,30.13,55.12,1003.0,3935.0,88.6,-112,3.3
2025-12-27 13:28:13,NODO 1.21,30.59,51.5,1003.0,3905.0,88.8,-113,2.3
2025-12-27 13:28:55,NODO 1.15,38.84,49.1,1003.0,3886.0,88.3,-117,-6.8
2025-12-27 13:30:18,NODO 1.6,43.53,27.82,1003.0,3905.0,88.2,-90,13.3
2025-12-27 13:30:57,NODO 1.4,33.09,46.22,1003.0,3949.0,88.3,-98,12.3
2025-12-27 13:31:20,NODO 1.17,33.32,45.45,1002.0,3900.0,88.0,-91,13.8
2025-12-27 13:33:52,NODO 1.26,32.43,50.63,1003.0,3896.0,87.9,-107,8.3
2025-12-27 13:33:55,NODO 1.14,32.04,53.09,1003.0,3935.0,88.3,-87,13.8
2025-12-27 13:34:40,NODO 1.22,32.56,49.63,1002.0,3920.0,88.5,-96,13.0
2025-12-27 13:35:33,NODO 1.2,33.91,62.19,1002.0,3905.0,88.1,-91,14.0
2025-12-27 13:36:03,NODO 1.12,31.68,52.21,1003.0,3925.0,88.3,-107,8.5
2025-12-27 13:36:38,NODO 1.31,30.34,58.54,1003.0,3886.0,88.2,-108,7.3
2025-12-27 13:37:07,NODO 1.20,30.44,64.74,1004.0,3900.0,87.9,-116,-6.5
2025-12-27 13:37:49,NODO 1.1,34.84,47.17,1002.0,3915.0,87.8,-108,5.0
2025-12-27 13:38:00,NODO 1.18,32.29,59.53,1003.0,3896.0,87.7,-110,6.5
2025-12-27 13:38:30,NODO 1.30,31.4,52.49,1003.0,3959.0,88.1,-117,-4.5
2025-12-27 13:39:52,NODO 1.9,43.59,26.82,1003.0,3935.0,88.5,-101,11.5
2025-12-27 13:42:51,NODO 1.29,30.74,58.96,1002.0,3905.0,88.6,-100,11.8
2025-12-27 13:43:02,NODO 1.27,33.13,45.64,1003.0,3646.0,85.9,-97,12.5
2025-12-27 13:45:52,NODO 1.32,29.48,74.76,1002.0,3964.0,86.6,-109,5.3
2025-12-27 13:47:18,NODO 1.13,33.66,48.02,1003.0,3935.0,86.3,-107,7.3
2025-12-27 13:49:43,NODO 1.24,41.09,28.68,1002.0,3974.0,86.7,-114,-0.5
2025-12-27 13:50:20,NODO 1.10,30.86,53.36,1003.0,3915.0,86.8,-86,10.8
2025-12-27 13:51:28,NODO 1.3,31.16,49.66,1003.0,3886.0,89.2,-99,11.5
2025-12-27 13:51:32,NODO 1.8,34.75,53.16,1002.0,3935.0,89.0,-108,7.5
2025-12-27 13:53:32,NODO 1.5,37.58,34.51,1002.0,3915.0,88.8,-95,13.5
2025-12-27 13:54:57,NODO 1.28,31.06,64.45,1003.0,3891.0,87.9,-110,4.8
2025-12-27 13:55:47,NODO 1.19,39.98,30.1,1003.0,3935.0,88.1,-94,11.3
2025-12-27 13:56:20,NODO 1.7,30.13,49.93,1003.0,3915.0,88.4,-105,9.3
2025-12-27 13:56:25,NODO 1.25,36.0,35.38,1002.0,3949.0,88.5,-113,1.0
2025-12-27 13:56:40,NODO 1.16,30.4,50.37,1003.0,3935.0,88.8,-116,-2.3
2025-12-27 13:58:11,NODO 1.21,30.69,47.61,1003.0,3891.0,88.8,-113,1.8
2025-12-27 14:00:12,NODO 1.6,41.95,28.22,1002.0,3905.0,88.5,-89,13.8
2025-12-27 14:00:53,NODO 1.4,33.22,42.63,1002.0,3949.0,88.8,-102,8.5
2025-12-27 14:01:15,NODO 1.17,33.52,43.0,1002.0,3900.0,88.3,-92,11.5
2025-12-27 14:03:47,NODO 1.26,32.86,47.55,1003.0,3891.0,87.9,-112,3.8
2025-12-27 14:03:50,NODO 1.14,31.73,50.26,1003.0,3935.0,88.3,-91,14.3
2025-12-27 14:04:39,NODO 1.22,36.28,40.01,1001.0,3920.0,88.5,-101,11.3
2025-12-27 14:05:29,NODO 1.2,34.21,57.56,1002.0,3915.0,88.1,-93,13.3
2025-12-27 14:05:58,NODO 1.12,32.06,50.69,1003.0,3925.0,88.4,-104,9.8
2025-12-27 14:06:31,NODO 1.31,30.63,53.02,1003.0,3881.0,88.3,-106,8.3
2025-12-27 14:07:05,NODO 1.20,31.04,59.63,1003.0,3900.0,87.9,-109,3.5
2025-12-27 14:07:51,NODO 1.1,41.74,34.52,1002.0,3925.0,88.0,-110,4.8
2025-12-27 14:07:56,NODO 1.18,32.3,59.37,1002.0,3891.0,87.7,-102,4.8
2025-12-27 14:08:25,NODO 1.30,31.61,54.12,1003.0,3959.0,88.1,-111,4.3
2025-12-27 14:09:46,NODO 1.9,43.15,27.35,1003.0,3945.0,88.7,-102,10.5
2025-12-27 14:12:47,NODO 1.29,31.38,51.51,1001.0,3905.0,88.8,-97,12.8
2025-12-27 14:12:56,NODO 1.27,32.75,45.0,1003.0,3636.0,85.9,-95,13.3
2025-12-27 14:15:46,NODO 1.32,29.94,66.1,1002.0,3964.0,86.6,-116,-8.5
2025-12-27 14:16:51,NODO 1.11,29.63,60.38,1001.0,3998.0,87.0,-99,12.0
2025-12-27 14:17:17,NODO 1.13,35.66,43.53,1002.0,3935.0,86.9,-108,6.5
2025-12-27 14:19:43,NODO 1.24,42.77,27.39,1002.0,3969.0,87.5,-113,1.3
2025-12-27 14:20:16,NODO 1.10,31.06,52.04,1003.0,3915.0,90.3,-90,14.0
2025-12-27 14:21:23,NODO 1.3,31.48,48.0,1002.0,3886.0,89.5,-97,13.0
2025-12-27 14:21:32,NODO 1.8,35.61,51.58,1001.0,3935.0,88.9,-101,11.8
2025-12-27 14:23:29,NODO 1.5,38.24,34.44,1002.0,3915.0,88.7,-95,12.8
2025-12-27 14:25:48,NODO 1.19,41.22,28.92,1002.0,3935.0,88.4,-88,14.3
2025-12-27 14:26:20,NODO 1.7,30.26,51.95,1002.0,3915.0,88.4,-113,3.0
2025-12-27 14:26:22,NODO 1.25,36.64,36.95,1002.0,3935.0,88.8,-117,-3.8
2025-12-27 14:26:40,NODO 1.16,30.75,53.2,1002.0,3935.0,88.8,-114,0.5
2025-12-27 14:28:07,NODO 1.21,30.9,48.5,1002.0,3891.0,88.6,-116,-2.8
2025-12-27 14:28:48,NODO 1.15,39.16,47.64,1002.0,3886.0,88.1,-112,3.8
2025-12-27 14:30:12,NODO 1.6,42.57,28.62,1002.0,3905.0,88.0,-93,11.0
2025-12-27 14:30:50,NODO 1.4,33.34,43.87,1002.0,3949.0,88.2,-98,12.8
2025-12-27 14:31:11,NODO 1.17,33.49,43.09,1002.0,3900.0,87.8,-100,9.3
2025-12-27 14:33:44,NODO 1.14,31.4,53.29,1002.0,3930.0,88.2,-85,13.8
2025-12-27 14:33:47,NODO 1.26,33.89,46.02,1003.0,3896.0,88.3,-106,8.8
2025-12-27 14:34:42,NODO 1.22,40.58,34.11,1001.0,3935.0,88.6,-103,10.8
2025-12-27 14:35:24,NODO 1.2,35.0,57.44,1001.0,3915.0,88.3,-96,12.8
2025-12-27 14:35:58,NODO 1.12,32.02,50.92,1003.0,3925.0,88.5,-106,9.3
2025-12-27 14:36:28,NODO 1.31,31.36,51.67,1003.0,3886.0,88.1,-113,-0.8
2025-12-27 14:37:00,NODO 1.20,31.56,58.47,1003.0,3896.0,88.1,-116,-2.3
2025-12-27 14:37:49,NODO 1.1,46.58,27.46,1002.0,3905.0,87.8,-107,7.8
2025-12-27 14:37:52,NODO 1.18,32.21,61.59,1002.0,3891.0,87.5,-108,7.0
2025-12-27 14:38:23,NODO 1.30,31.69,51.83,1003.0,3959.0,87.9,-110,5.5
2025-12-27 14:39:41,NODO 1.9,45.13,24.87,1002.0,3935.0,88.4,-103,10.3
2025-12-27 14:42:42,NODO 1.29,31.53,50.51,1001.0,3915.0,88.5,-99,10.0
2025-12-27 14:42:49,NODO 1.27,32.22,46.37,1003.0,3636.0,85.9,-94,11.3
2025-12-27 14:45:44,NODO 1.32,30.32,65.62,1002.0,3964.0,86.6,-113,2.5
2025-12-27 14:46:48,NODO 1.11,29.82,57.54,1001.0,3998.0,87.0,-106,1.3
2025-12-27 14:47:13,NODO 1.13,35.53,39.83,1002.0,3935.0,87.0,-109,6.0
2025-12-27 14:49:40,NODO 1.24,43.94,25.66,1002.0,3974.0,87.6,-113,2.3
2025-12-27 14:50:13,NODO 1.10,31.18,50.35,1003.0,3925.0,90.5,-91,13.5
2025-12-27 14:51:30,NODO 1.8,34.5,52.89,1001.0,3935.0,90.2,-109,4.8
2025-12-27 14:53:25,NODO 1.5,40.66,30.74,1002.0,3915.0,89.3,-104,10.3
2025-12-27 14:54:49,NODO 1.28,31.43,62.29,1002.0,3891.0,88.9,-110,5.3
2025-12-27 14:55:49,NODO 1.19,43.12,25.94,1002.0,3949.0,88.7,-87,13.8
2025-12-27 14:56:19,NODO 1.25,37.25,35.76,1002.0,3935.0,88.8,-114,0.8
2025-12-27 14:56:20,NODO 1.7,30.52,51.31,1002.0,3915.0,88.5,-110,6.3
2025-12-27 14:56:40,NODO 1.16,31.73,48.06,1002.0,3935.0,88.8,-116,-8.3
2025-12-27 14:58:04,NODO 1.21,30.94,47.88,1002.0,3891.0,88.8,-114,1.3
2025-12-27 14:58:50,NODO 1.15,37.0,50.87,1002.0,3881.0,88.1,-115,-3.8
2025-12-27 15:00:10,NODO 1.6,43.35,26.76,1002.0,3905.0,87.8,-91,13.3
2025-12-27 15:00:47,NODO 1.4,33.47,43.88,1002.0,3949.0,88.1,-98,12.8
2025-12-27 15:01:07,NODO 1.17,33.5,42.56,1002.0,3896.0,87.7,-97,12.5
2025-12-27 15:03:40,NODO 1.14,31.6,50.29,1002.0,3930.0,88.1,-90,13.5
2025-12-27 15:03:42,NODO 1.26,34.5,45.55,1003.0,3900.0,88.3,-114,-4.0
2025-12-27 15:04:46,NODO 1.22,44.38,27.53,1001.0,3945.0,88.7,-106,8.5
2025-12-27 15:05:22,NODO 1.2,35.45,55.53,1001.0,3905.0,88.3,-93,13.0
2025-12-27 15:05:56,NODO 1.12,32.45,49.51,1003.0,3925.0,88.5,-106,4.5
2025-12-27 15:06:24,NODO 1.31,31.31,51.12,1002.0,3905.0,88.3,-110,3.5
2025-12-27 15:06:57,NODO 1.20,32.5,58.3,1003.0,3900.0,88.3,-104,9.5
2025-12-27 15:07:48,NODO 1.18,32.09,59.63,1002.0,3891.0,87.8,-98,13.0
2025-12-27 15:08:19,NODO 1.30,31.87,52.05,1002.0,3959.0,88.3,-113,-1.0
2025-12-27 15:08:44,NODO 1.1,46.85,23.53,1001.0,3905.0,88.1,-97,13.3
2025-12-27 15:09:35,NODO 1.9,39.3,33.41,1002.0,3935.0,88.4,-102,9.5
2025-12-27 15:12:36,NODO 1.29,31.8,52.08,1001.0,3915.0,88.5,-95,13.3
2025-12-27 15:12:44,NODO 1.27,32.0,49.07,1002.0,3631.0,86.0,-98,12.3
2025-12-27 15:15:42,NODO 1.32,30.57,65.19,1001.0,3964.0,86.0,-110,6.0
2025-12-27 15:16:45,NODO 1.11,30.37,55.09,1001.0,3984.0,86.8,-104,8.0
2025-12-27 15:17:09,NODO 1.13,36.58,39.78,1002.0,3935.0,86.8,-117,-5.3
2025-12-27 15:19:36,NODO 1.24,43.77,26.64,1002.0,3974.0,87.4,-113,1.0
2025-12-27 15:20:09,NODO 1.10,31.14,50.9,1003.0,3925.0,90.3,-92,13.5
2025-12-27 15:21:21,NODO 1.3,32.0,47.31,1002.0,3886.0,89.5,-96,12.3
2025-12-27 15:21:24,NODO 1.8,33.31,57.06,1001.0,3935.0,89.0,-107,7.8
2025-12-27 15:23:22,NODO 1.5,39.91,31.95,1001.0,3915.0,88.8,-111,3.5
2025-12-27 15:24:45,NODO 1.28,31.38,61.61,1002.0,3891.0,88.0,-111,4.8
2025-12-27 15:25:47,NODO 1.19,43.3,26.6,1002.0,3959.0,88.4,-88,13.8
2025-12-27 15:26:15,NODO 1.25,36.75,37.08,1002.0,3949.0,89.0,-116,-2.3
2025-12-27 15:26:18,NODO 1.7,30.54,51.93,1002.0,3915.0,88.8,-107,6.5
2025-12-27 15:26:41,NODO 1.16,31.76,48.37,1002.0,3935.0,89.0,-115,-8.0
2025-12-27 15:28:01,NODO 1.21,30.86,49.35,1002.0,3891.0,89.0,-115,-0.3
2025-12-27 15:30:06,NODO 1.6,40.46,31.25,1001.0,3905.0,88.5,-91,13.8
2025-12-27 15:30:42,NODO 1.4,33.24,44.43,1002.0,3949.0,88.5,-102,10.3
2025-12-27 15:31:04,NODO 1.17,33.93,44.08,1001.0,3900.0,88.3,-90,13.8
2025-12-27 15:33:35,NODO 1.14,31.88,52.08,1002.0,3930.0,88.2,-89,14.3
2025-12-27 15:33:37,NODO 1.26,33.93,47.38,1003.0,3896.0,88.3,-109,5.5
2025-12-27 15:34:46,NODO 1.22,44.83,25.99,1001.0,3935.0,88.6,-113,3.8
2025-12-27 15:35:17,NODO 1.2,34.33,55.99,1001.0,3915.0,88.3,-92,13.5
2025-12-27 15:35:56,NODO 1.12,32.66,48.14,1003.0,3925.0,88.5,-104,10.3
2025-12-27 15:36:17,NODO 1.31,30.89,52.02,1002.0,3886.0,88.1,-111,3.0
2025-12-27 15:36:54,NODO 1.20,33.21,54.44,1003.0,3900.0,88.1,-112,3.0
2025-12-27 15:37:44,NODO 1.18,31.83,59.19,1002.0,3891.0,87.7,-94,13.5
2025-12-27 15:38:16,NODO 1.30,31.82,51.25,1002.0,3959.0,88.1,-105,9.3
2025-12-27 15:39:27,NODO 1.9,36.65,36.92,1002.0,3935.0,88.2,-102,11.0
2025-12-27 15:42:32,NODO 1.29,31.72,48.18,1001.0,3915.0,88.5,-94,13.5
2025-12-27 15:42:42,NODO 1.27,31.71,47.23,1002.0,3636.0,85.9,-99,12.3
2025-12-27 15:46:43,NODO 1.11,30.39,55.51,1001.0,3998.0,86.9,-109,6.3
2025-12-27 15:49:34,NODO 1.24,42.4,27.77,1002.0,3974.0,87.1,-114,1.0
2025-12-27 15:50:05,NODO 1.10,30.89,53.06,1003.0,3915.0,86.9,-88,13.5
2025-12-27 15:51:17,NODO 1.3,31.97,47.67,1002.0,3886.0,86.6,-98,12.8
2025-12-27 15:51:20,NODO 1.8,32.15,57.11,1001.0,3935.0,89.6,-106,8.8
2025-12-27 15:53:14,NODO 1.5,37.25,36.34,1002.0,3915.0,88.8,-104,10.0
2025-12-27 15:54:41,NODO 1.28,31.25,62.66,1002.0,3896.0,88.0,-115,-8.3
2025-12-27 15:55:43,NODO 1.19,42.23,28.01,1002.0,3949.0,88.3,-85,13.5
2025-12-27 15:56:11,NODO 1.25,37.32,35.73,1002.0,3949.0,88.9,-115,-2.0
2025-12-27 15:56:15,NODO 1.7,30.7,52.95,1002.0,3915.0,88.7,-104,8.8
2025-12-27 15:56:39,NODO 1.16,31.77,48.7,1002.0,3935.0,88.9,-112,3.5
2025-12-27 15:57:58,NODO 1.21,30.67,49.27,1002.0,3891.0,88.9,-116,-5.8
2025-12-27 15:59:58,NODO 1.6,36.0,38.71,1002.0,3896.0,88.4,-90,13.5
2025-12-27 16:00:39,NODO 1.4,33.08,43.79,1002.0,3949.0,88.4,-100,12.3
2025-12-27 16:00:58,NODO 1.17,32.9,43.59,1001.0,3896.0,88.2,-102,11.0
2025-12-27 16:03:30,NODO 1.14,31.57,52.01,1002.0,3935.0,88.2,-86,14.0
2025-12-27 16:05:12,NODO 1.2,32.98,59.1,1001.0,3915.0,88.4,-96,13.0
2025-12-27 16:05:54,NODO 1.12,32.31,46.72,1002.0,3925.0,88.7,-102,10.8
2025-12-27 16:06:11,NODO 1.31,30.48,53.05,1002.0,3886.0,88.1,-109,5.0
2025-12-27 16:06:51,NODO 1.20,32.5,54.67,1003.0,3905.0,88.2,-113,-1.5
2025-12-27 16:08:15,NODO 1.30,31.89,49.62,1002.0,3959.0,88.4,-109,4.8
2025-12-27 16:08:19,NODO 1.1,33.39,45.49,1001.0,3915.0,88.4,-94,11.5
2025-12-27 16:09:20,NODO 1.9,33.86,41.93,1002.0,3930.0,88.5,-101,11.8
2025-12-27 16:12:39,NODO 1.27,31.3,49.14,1002.0,3631.0,85.9,-94,13.0
2025-12-27 16:15:37,NODO 1.32,30.29,65.08,1001.0,3964.0,86.5,-113,-0.3
2025-12-27 16:16:40,NODO 1.11,30.36,52.87,1001.0,3984.0,86.7,-111,4.0
2025-12-27 16:16:54,NODO 1.13,31.58,47.88,1002.0,3935.0,86.9,-109,6.0
2025-12-27 16:19:30,NODO 1.24,40.78,29.62,1002.0,3959.0,87.2,-111,3.0
2025-12-27 16:20:00,NODO 1.10,30.55,51.95,1003.0,3920.0,90.1,-88,13.8
2025-12-27 16:21:11,NODO 1.3,31.71,47.29,1002.0,3886.0,89.3,-95,11.3
2025-12-27 16:21:17,NODO 1.8,31.53,58.91,1001.0,3935.0,88.8,-105,9.5
2025-12-27 16:24:37,NODO 1.28,30.82,63.13,1002.0,3896.0,88.5,-112,3.8
2025-12-27 16:25:39,NODO 1.19,39.02,31.08,1002.0,3935.0,88.2,-88,14.3
2025-12-27 16:26:04,NODO 1.25,35.73,38.34,1002.0,3935.0,88.4,-117,-9.0
2025-12-27 16:26:23,NODO 1.7,31.45,49.28,1002.0,3915.0,88.7,-111,4.0
2025-12-27 16:27:54,NODO 1.21,30.28,50.48,1002.0,3891.0,88.2,-116,-6.5
2025-12-27 16:28:29,NODO 1.15,34.82,54.64,1002.0,3886.0,88.1,-113,1.5
2025-12-27 16:29:51,NODO 1.6,33.46,44.25,1002.0,3896.0,87.7,-88,13.8
2025-12-27 16:30:33,NODO 1.4,32.29,47.09,1002.0,3949.0,87.9,-99,11.5
2025-12-27 16:33:23,NODO 1.14,30.95,53.45,1002.0,3930.0,88.0,-86,13.8
2025-12-27 16:33:26,NODO 1.26,31.66,51.71,1003.0,3896.0,88.1,-111,4.8
2025-12-27 16:34:39,NODO 1.22,43.48,27.75,1001.0,3945.0,88.7,-109,6.8
2025-12-27 16:35:05,NODO 1.2,32.41,62.43,1001.0,3915.0,88.8,-92,11.8
2025-12-27 16:36:07,NODO 1.31,29.94,55.18,1002.0,3886.0,88.2,-114,1.0
2025-12-27 16:36:43,NODO 1.20,32.77,56.03,1003.0,3896.0,87.9,-109,6.8
2025-12-27 16:37:35,NODO 1.18,30.84,61.93,1002.0,3891.0,87.8,-95,13.3
2025-12-27 16:38:09,NODO 1.30,31.32,54.31,1002.0,3949.0,87.9,-110,4.3
2025-12-27 16:38:14,NODO 1.1,31.39,50.21,1001.0,3915.0,87.9,-93,12.0
2025-12-27 16:39:16,NODO 1.9,32.48,46.01,1002.0,3930.0,88.3,-102,10.8
2025-12-27 16:42:21,NODO 1.29,30.9,51.78,1001.0,3905.0,88.4,-94,13.3
2025-12-27 16:42:35,NODO 1.27,30.76,50.61,1002.0,3636.0,85.8,-95,13.8
2025-12-27 16:45:35,NODO 1.32,30.21,65.2,1002.0,3964.0,86.0,-117,-9.0
2025-12-27 16:46:36,NODO 1.11,30.08,56.03,1001.0,3998.0,86.8,-101,11.8
2025-12-27 16:46:49,NODO 1.13,30.62,51.12,1002.0,3915.0,86.7,-117,-8.5
2025-12-27 16:49:28,NODO 1.24,38.56,33.17,1002.0,3959.0,87.2,-117,-7.3
2025-12-27 16:49:55,NODO 1.10,30.09,53.17,1003.0,3915.0,90.0,-91,13.5
2025-12-27 16:51:08,NODO 1.3,31.66,48.02,1002.0,3881.0,89.2,-94,13.3
2025-12-27 16:51:15,NODO 1.8,30.78,62.42,1001.0,3935.0,88.5,-99,12.0
2025-12-27 16:53:04,NODO 1.5,32.24,46.52,1002.0,3900.0,88.4,-102,10.8
2025-12-27 16:54:31,NODO 1.28,30.36,63.67,1002.0,3891.0,87.7,-106,8.8
2025-12-27 16:55:27,NODO 1.19,34.55,39.99,1002.0,3935.0,87.9,-87,13.5
2025-12-27 16:55:56,NODO 1.25,34.8,40.49,1002.0,3935.0,88.5,-115,-1.3
2025-12-27 16:56:18,NODO 1.7,30.42,53.73,1002.0,3915.0,88.3,-106,8.8
2025-12-27 16:57:51,NODO 1.21,29.89,52.83,1002.0,3891.0,88.2,-111,3.8
2025-12-27 16:58:22,NODO 1.15,31.24,62.79,1003.0,3881.0,88.1,-116,-5.8
2025-12-27 16:59:44,NODO 1.6,32.09,48.08,1002.0,3891.0,87.6,-91,11.5
2025-12-27 17:00:51,NODO 1.17,31.73,48.01,1002.0,3900.0,87.3,-93,13.3
2025-12-27 17:03:18,NODO 1.14,30.19,56.17,1002.0,3930.0,87.4,-94,11.0
2025-12-27 17:03:21,NODO 1.26,30.94,55.19,1003.0,3891.0,87.4,-107,8.3
2025-12-27 17:04:28,NODO 1.22,39.49,33.78,1001.0,3945.0,88.1,-106,8.5
2025-12-27 17:05:01,NODO 1.2,32.23,62.73,1002.0,3905.0,88.2,-89,13.8
2025-12-27 17:05:48,NODO 1.12,59.88,100.0,1442.0,3925.0,88.5,-104,9.5
2025-12-27 17:06:00,NODO 1.31,29.58,56.7,1003.0,3881.0,88.0,-111,4.0
2025-12-27 17:06:43,NODO 1.20,34.98,53.69,1003.0,3915.0,88.2,-118,-7.8
2025-12-27 17:07:31,NODO 1.18,30.21,64.24,1002.0,3886.0,87.6,-94,13.5
2025-12-27 17:08:11,NODO 1.1,29.89,55.55,1002.0,3915.0,87.7,-107,4.8
2025-12-27 17:09:11,NODO 1.9,31.41,49.21,1003.0,3925.0,87.7,-100,11.8
2025-12-27 17:12:16,NODO 1.29,30.3,54.18,1001.0,3905.0,88.0,-105,8.8
2025-12-27 17:12:28,NODO 1.27,30.15,53.69,1003.0,3631.0,85.1,-98,12.5
2025-12-27 17:15:32,NODO 1.32,30.15,68.55,1002.0,3964.0,85.9,-110,6.0
2025-12-27 17:16:32,NODO 1.11,29.68,57.74,1001.0,3984.0,86.6,-100,12.0
2025-12-27 17:16:44,NODO 1.13,29.82,56.09,1002.0,3915.0,86.5,-111,4.8
2025-12-27 17:19:24,NODO 1.24,35.14,41.3,1002.0,3959.0,87.0,-112,0.8
2025-12-27 17:19:51,NODO 1.10,29.53,57.29,1003.0,3915.0,89.9,-88,11.5
2025-12-27 17:21:04,NODO 1.3,31.28,51.56,1003.0,3881.0,89.0,-98,12.3
2025-12-27 17:21:09,NODO 1.8,29.96,66.45,1001.0,3935.0,88.5,-107,8.0
2025-12-27 17:22:59,NODO 1.5,31.1,51.8,1002.0,3900.0,88.4,-100,9.8
2025-12-27 17:24:27,NODO 1.28,29.84,67.24,1003.0,3896.0,87.8,-117,-6.3
2025-12-27 17:25:20,NODO 1.19,31.79,48.05,1002.0,3925.0,87.9,-91,11.5
2025-12-27 17:25:43,NODO 1.25,31.92,48.45,1002.0,3935.0,88.4,-114,0.5
2025-12-27 17:26:31,NODO 1.16,30.24,54.97,1003.0,3935.0,88.4,-113,2.5
2025-12-27 17:27:46,NODO 1.21,29.2,57.08,1003.0,3891.0,88.3,-115,-6.3
2025-12-27 17:28:15,NODO 1.15,30.06,67.8,1003.0,3851.0,87.9,-116,-5.3
2025-12-27 17:29:39,NODO 1.6,31.24,51.82,1002.0,3896.0,87.6,-85,14.0
2025-12-27 17:30:21,NODO 1.4,30.59,53.81,1002.0,3949.0,87.7,-100,11.8
2025-12-27 17:30:44,NODO 1.17,30.61,52.27,1002.0,3900.0,87.4,-91,13.5
2025-12-27 17:33:12,NODO 1.14,29.51,59.73,1003.0,3935.0,87.8,-86,12.0
2025-12-27 17:33:15,NODO 1.26,30.14,58.44,1003.0,3891.0,88.2,-115,-2.0
2025-12-27 17:34:17,NODO 1.22,36.47,40.41,1002.0,3935.0,88.6,-106,8.5
2025-12-27 17:34:57,NODO 1.2,31.54,66.14,1002.0,3905.0,88.2,-90,13.3
2025-12-27 17:35:45,NODO 1.12,30.12,57.17,1003.0,3925.0,88.4,-105,9.3
2025-12-27 17:35:57,NODO 1.31,29.03,61.04,1003.0,3881.0,87.9,-113,3.0
2025-12-27 17:36:37,NODO 1.20,32.8,56.73,1003.0,3915.0,88.1,-116,-2.5
2025-12-27 17:37:25,NODO 1.18,29.45,68.0,1002.0,3886.0,87.6,-97,12.8
2025-12-27 17:38:02,NODO 1.30,29.22,61.26,1003.0,3949.0,88.1,-111,-2.3
2025-12-27 17:38:07,NODO 1.1,28.87,60.95,1002.0,3915.0,88.0,-102,10.8
2025-12-27 17:39:05,NODO 1.9,30.45,54.17,1003.0,3930.0,88.5,-106,8.5
2025-12-27 17:42:10,NODO 1.29,29.49,58.26,1002.0,3905.0,88.3,-95,13.8
2025-12-27 17:42:22,NODO 1.27,29.41,57.24,1003.0,3631.0,85.8,-95,13.5
2025-12-27 17:45:25,NODO 1.32,29.24,71.96,1002.0,3964.0,86.0,-116,-2.8
2025-12-27 17:46:25,NODO 1.11,29.1,60.88,1001.0,3998.0,86.8,-109,6.0
2025-12-27 17:46:40,NODO 1.13,29.07,59.56,1003.0,3935.0,86.8,-111,4.8
2025-12-27 17:49:44,NODO 1.10,28.88,60.08,1003.0,3915.0,86.9,-89,14.3
2025-12-27 17:50:56,NODO 1.3,30.12,54.71,1003.0,3886.0,89.5,-95,12.8
2025-12-27 17:51:07,NODO 1.8,29.23,68.66,1002.0,3925.0,89.1,-110,6.0
2025-12-27 17:52:55,NODO 1.5,30.17,55.12,1002.0,3900.0,88.1,-115,-0.8
2025-12-27 17:54:21,NODO 1.28,29.28,70.48,1003.0,3891.0,87.7,-111,4.3
2025-12-27 17:55:14,NODO 1.19,29.91,53.35,1003.0,3925.0,87.8,-92,13.3
2025-12-27 17:55:32,NODO 1.25,29.86,54.55,1003.0,3935.0,88.3,-115,
2025-12-27 17:56:09,NODO 1.7,28.49,61.4,1003.0,3915.0,88.2,-103,10.5
2025-12-27 17:56:26,NODO 1.16,29.23,58.6,1003.0,3930.0,88.5,-112,3.5
2025-12-27 17:57:39,NODO 1.21,28.48,59.7,1003.0,3891.0,88.5,-114,0.5
2025-12-27 17:58:08,NODO 1.15,28.87,71.53,1003.0,3851.0,87.7,-116,-3.5
2025-12-27 17:59:32,NODO 1.6,29.26,58.33,1003.0,3896.0,87.3,-90,13.8
2025-12-27 18:00:15,NODO 1.4,29.67,56.53,1003.0,3949.0,87.7,-108,7.0
2025-12-27 18:00:35,NODO 1.17,29.29,56.66,1002.0,3891.0,87.3,-89,13.5
2025-12-27 18:04:06,NODO 1.22,32.71,48.91,1002.0,3920.0,87.6,-98,12.5
2025-12-27 18:04:47,NODO 1.2,30.09,70.06,1002.0,3905.0,88.1,-92,13.8
2025-12-27 18:05:39,NODO 1.12,29.05,60.22,1003.0,3925.0,88.4,-102,10.5
2025-12-27 18:05:50,NODO 1.31,28.38,62.71,1003.0,3871.0,87.6,-109,5.5
2025-12-27 18:06:25,NODO 1.20,31.13,61.62,1003.0,3900.0,87.7,-107,8.5
2025-12-27 18:07:20,NODO 1.18,28.69,70.55,1003.0,3891.0,87.4,-91,13.3
2025-12-27 18:07:58,NODO 1.30,28.59,64.1,1003.0,3945.0,87.8,-110,6.0
2025-12-27 18:08:02,NODO 1.1,28.03,63.78,1002.0,3905.0,87.6,-101,11.3
2025-12-27 18:09:00,NODO 1.9,29.38,57.68,1003.0,3930.0,88.2,-102,9.5
2025-12-27 18:12:04,NODO 1.29,28.62,61.73,1002.0,3905.0,88.3,-93,13.3
2025-12-27 18:15:20,NODO 1.32,28.51,75.75,1002.0,3959.0,88.9,-112,3.0
2025-12-27 18:16:18,NODO 1.11,28.47,63.45,1002.0,3984.0,89.3,-105,9.0
2025-12-27 18:16:34,NODO 1.13,28.27,62.43,1003.0,3920.0,89.5,-106,8.8
2025-12-27 18:19:14,NODO 1.24,28.87,59.19,1003.0,3959.0,89.8,-108,-2.5
2025-12-27 18:19:40,NODO 1.10,28.26,62.79,1004.0,3915.0,89.9,-86,14.0
2025-12-27 18:20:52,NODO 1.3,29.18,58.94,1003.0,3881.0,89.1,-94,13.3
2025-12-27 18:21:04,NODO 1.8,28.4,71.03,1002.0,3925.0,88.5,-101,11.5
2025-12-27 18:22:48,NODO 1.5,29.38,58.24,1003.0,3900.0,88.3,-101,11.5
2025-12-27 18:24:18,NODO 1.28,28.69,72.83,1003.0,3891.0,87.6,-117,-6.8
2025-12-27 18:25:09,NODO 1.19,28.51,58.98,1003.0,3920.0,87.7,-90,13.5
2025-12-27 18:25:24,NODO 1.25,28.35,59.53,1003.0,3935.0,88.2,-114,0.8
2025-12-27 18:26:09,NODO 1.7,28.01,63.66,1003.0,3915.0,88.1,-110,5.3
2025-12-27 18:26:25,NODO 1.16,28.46,61.29,1003.0,3935.0,88.5,-115,-1.8
2025-12-27 18:27:35,NODO 1.21,27.97,61.12,1003.0,3891.0,88.5,-112,3.0
2025-12-27 18:28:02,NODO 1.15,27.93,74.84,1004.0,3851.0,87.8,-114,-2.3
2025-12-27 18:29:25,NODO 1.6,28.11,62.01,1003.0,3891.0,87.3,-88,13.8
2025-12-27 18:30:12,NODO 1.4,28.91,58.84,1003.0,3945.0,87.6,-98,12.8
2025-12-27 18:30:30,NODO 1.17,28.38,59.57,1003.0,3891.0,87.2,-91,13.5
2025-12-27 18:33:02,NODO 1.26,28.56,64.08,1004.0,3886.0,87.1,-109,6.8
2025-12-27 18:33:05,NODO 1.14,28.28,64.27,1003.0,3930.0,87.9,-90,13.8
2025-12-27 18:33:59,NODO 1.22,31.11,53.68,1002.0,3915.0,88.2,-100,12.3
2025-12-27 18:34:39,NODO 1.2,29.15,72.05,1003.0,3905.0,87.8,-88,14.0
2025-12-27 18:35:34,NODO 1.12,28.08,62.71,1004.0,3925.0,88.1,-105,8.3
2025-12-27 18:37:15,NODO 1.18,28.12,72.1,1003.0,3891.0,88.2,-98,12.8
2025-12-27 18:37:54,NODO 1.30,28.06,65.93,1004.0,3945.0,88.3,-113,-0.5
2025-12-27 18:37:58,NODO 1.1,27.32,64.96,1003.0,3915.0,88.3,-106,9.0
2025-12-27 18:38:55,NODO 1.9,28.45,60.27,1004.0,3925.0,88.5,-103,10.8
2025-12-27 18:41:58,NODO 1.29,27.95,63.61,1002.0,3905.0,88.3,-91,14.3
2025-12-27 18:42:14,NODO 1.27,28.18,61.7,1004.0,3631.0,85.7,-93,12.8
2025-12-27 18:45:16,NODO 1.32,28.01,78.45,1003.0,3964.0,85.9,-109,6.3
2025-12-27 18:46:13,NODO 1.11,27.98,65.04,1002.0,3984.0,86.6,-107,8.5
2025-12-27 18:46:31,NODO 1.13,27.42,64.91,1003.0,3930.0,86.6,-111,3.0
2025-12-27 18:49:10,NODO 1.24,27.51,64.19,1003.0,3949.0,87.1,-113,1.5
2025-12-27 18:49:33,NODO 1.10,27.69,65.0,1004.0,3905.0,89.8,-86,14.5
2025-12-27 18:50:49,NODO 1.3,28.63,61.37,1003.0,3881.0,89.0,-97,13.0
2025-12-27 18:51:01,NODO 1.8,27.83,73.53,1002.0,3925.0,88.4,-99,12.5
2025-12-27 18:52:43,NODO 1.5,28.74,61.12,1003.0,3896.0,88.1,-96,12.8
2025-12-27 18:55:04,NODO 1.19,27.51,61.83,1003.0,3925.0,87.8,-89,13.8
2025-12-27 18:55:15,NODO 1.25,27.26,64.27,1003.0,3935.0,88.1,-113,2.0
2025-12-27 18:56:05,NODO 1.7,27.18,67.36,1003.0,3915.0,88.5,-102,11.0
2025-12-27 18:56:20,NODO 1.16,27.91,64.38,1004.0,3935.0,88.6,-115,-1.3
2025-12-27 18:57:31,NODO 1.21,27.34,64.86,1003.0,3891.0,88.5,-116,-1.5
2025-12-27 18:57:57,NODO 1.15,26.99,79.1,1004.0,3851.0,87.8,-113,1.8
2025-12-27 18:59:21,NODO 1.6,27.21,66.82,1003.0,3886.0,87.3,-96,12.5
2025-12-27 19:00:07,NODO 1.4,28.3,61.83,1003.0,3949.0,87.6,-99,11.8
2025-12-27 19:00:24,NODO 1.17,27.64,62.76,1003.0,3886.0,87.1,-89,14.0
2025-12-27 19:02:57,NODO 1.14,27.75,66.98,1004.0,3915.0,87.4,-88,11.8
2025-12-27 19:03:00,NODO 1.26,28.02,67.3,1004.0,3891.0,87.8,-117,-7.5
2025-12-27 19:03:53,NODO 1.22,30.04,57.54,1003.0,3920.0,88.1,-97,10.8
2025-12-27 19:04:30,NODO 1.2,28.48,75.53,1003.0,3900.0,87.6,-90,13.0
2025-12-27 19:05:30,NODO 1.12,27.33,67.06,1004.0,3925.0,88.0,-103,10.8
2025-12-27 19:05:37,NODO 1.31,27.04,68.32,1004.0,3881.0,87.7,-110,5.0
2025-12-27 19:06:12,NODO 1.20,28.76,69.56,1004.0,3891.0,87.7,-108,5.5
2025-12-27 19:07:11,NODO 1.18,27.4,75.95,1003.0,3886.0,87.3,-104,7.0
2025-12-27 19:07:49,NODO 1.30,27.44,69.13,1004.0,3945.0,87.8,-108,7.0
2025-12-27 19:07:54,NODO 1.1,26.75,68.85,1003.0,3905.0,87.6,-107,8.0
2025-12-27 19:08:50,NODO 1.9,27.51,65.76,1004.0,3920.0,88.0,-101,11.5
2025-12-27 19:11:53,NODO 1.29,27.4,66.96,1002.0,3905.0,88.1,-93,13.0
2025-12-27 19:12:10,NODO 1.27,27.54,64.29,1004.0,3631.0,85.6,-96,13.0
2025-12-27 19:15:13,NODO 1.32,27.55,80.4,1003.0,3964.0,85.8,-107,8.3
2025-12-27 19:16:10,NODO 1.11,27.52,67.38,1002.0,3998.0,86.7,-112,4.3
2025-12-27 19:16:26,NODO 1.13,26.82,68.04,1003.0,3930.0,86.8,-109,6.8
2025-12-27 19:19:05,NODO 1.24,26.44,69.08,1003.0,3945.0,87.2,-111,4.0
2025-12-27 19:19:28,NODO 1.10,27.21,67.29,1004.0,3915.0,90.0,-87,13.5
2025-12-27 19:20:43,NODO 1.3,27.98,63.99,1004.0,3881.0,89.2,-95,13.5
2025-12-27 19:20:58,NODO 1.8,27.44,75.14,1003.0,3925.0,88.5,-102,10.8
2025-12-27 19:22:38,NODO 1.5,28.23,64.09,1003.0,3891.0,88.1,-100,11.8
2025-12-27 19:24:10,NODO 1.28,27.6,77.46,1004.0,3891.0,87.5,-109,4.0
2025-12-27 19:24:59,NODO 1.19,26.77,66.09,1004.0,3915.0,87.5,-92,13.3
2025-12-27 19:25:07,NODO 1.25,26.37,68.1,1003.0,3935.0,88.1,-112,3.8
2025-12-27 19:26:01,NODO 1.7,26.6,70.96,1004.0,3915.0,88.0,-104,10.5
2025-12-27 19:26:18,NODO 1.16,27.29,66.69,1004.0,3925.0,88.3,-110,5.8
2025-12-27 19:27:28,NODO 1.21,26.99,65.98,1004.0,3891.0,88.3,-115,-2.0
2025-12-27 19:27:52,NODO 1.15,26.52,81.1,1004.0,3851.0,87.7,-117,-4.5
2025-12-27 19:29:15,NODO 1.6,26.55,69.29,1004.0,3891.0,87.2,-88,13.8
2025-12-27 19:30:03,NODO 1.4,27.83,64.32,1004.0,3949.0,87.6,-98,12.8
2025-12-27 19:30:18,NODO 1.17,27.17,64.26,1003.0,3891.0,87.2,-90,13.5
2025-12-27 19:32:51,NODO 1.26,27.54,69.46,1004.0,3886.0,87.2,-112,1.3
2025-12-27 19:32:54,NODO 1.14,27.3,70.58,1004.0,3925.0,87.9,-88,13.8
2025-12-27 19:33:49,NODO 1.22,29.08,61.2,1003.0,3915.0,88.2,-99,12.0
2025-12-27 19:34:26,NODO 1.2,27.9,76.83,1003.0,3905.0,87.7,-94,13.5
2025-12-27 19:35:26,NODO 1.12,27.01,68.63,1004.0,3925.0,88.1,-103,10.8
2025-12-27 19:35:32,NODO 1.31,26.59,69.89,1004.0,3871.0,87.9,-116,-1.8
2025-12-27 19:36:08,NODO 1.20,28.26,71.35,1005.0,3891.0,87.6,-115,-2.5
2025-12-27 19:37:07,NODO 1.18,27.03,77.15,1004.0,3871.0,87.1,-102,10.5
2025-12-27 19:37:45,NODO 1.30,27.2,71.06,1004.0,3949.0,87.6,-111,4.3
2025-12-27 19:37:50,NODO 1.1,26.37,69.18,1003.0,3905.0,87.4,-109,6.0
2025-12-27 19:38:45,NODO 1.9,27.14,67.37,1004.0,3925.0,87.9,-103,10.5
2025-12-27 19:41:48,NODO 1.29,26.96,68.3,1003.0,3905.0,88.0,-94,13.3
2025-12-27 19:42:06,NODO 1.27,27.1,67.06,1004.0,3631.0,85.7,-97,13.0
2025-12-27 19:45:08,NODO 1.32,27.2,82.48,1003.0,3964.0,85.8,-110,5.8
2025-12-27 19:46:07,NODO 1.11,27.18,68.51,1003.0,3974.0,86.5,-104,9.3
2025-12-27 19:46:23,NODO 1.13,26.36,69.72,1004.0,3915.0,86.4,-107,7.8
2025-12-27 19:49:02,NODO 1.24,25.76,73.53,1004.0,3949.0,86.8,-114,-0.8
2025-12-27 19:49:22,NODO 1.10,26.8,69.84,1004.0,3915.0,89.7,-85,14.3
2025-12-27 19:50:39,NODO 1.3,27.58,65.93,1004.0,3881.0,88.8,-96,12.8
2025-12-27 19:50:57,NODO 1.8,27.12,76.27,1003.0,3925.0,88.3,-105,7.8
2025-12-27 19:52:33,NODO 1.5,27.86,65.97,1004.0,3896.0,88.2,-98,13.0
2025-12-27 19:54:08,NODO 1.28,27.13,78.97,1004.0,3881.0,87.5,-113,2.8
2025-12-27 19:54:55,NODO 1.19,26.21,67.62,1004.0,3915.0,87.5,-94,13.3
2025-12-27 19:55:00,NODO 1.25,25.6,72.3,1004.0,3935.0,88.0,-113,3.0
2025-12-27 19:55:59,NODO 1.7,26.42,71.38,1004.0,3915.0,87.9,-102,11.3
2025-12-27 19:56:17,NODO 1.16,26.95,68.54,1004.0,3930.0,88.3,-115,-0.5
2025-12-27 19:57:24,NODO 1.21,26.73,67.59,1004.0,3891.0,88.4,-111,3.8
2025-12-27 19:59:11,NODO 1.6,26.01,72.59,1004.0,3891.0,88.1,-87,13.0
2025-12-27 19:59:58,NODO 1.4,27.37,66.4,1004.0,3945.0,88.2,-104,9.5
2025-12-27 20:00:14,NODO 1.17,26.78,67.02,1004.0,3871.0,87.8,-88,12.0
2025-12-27 20:02:45,NODO 1.14,27.03,71.11,1004.0,3930.0,87.8,-90,13.8
2025-12-27 20:02:48,NODO 1.26,27.17,71.81,1005.0,3886.0,87.7,-110,5.3
2025-12-27 20:03:45,NODO 1.22,28.24,65.55,1003.0,3915.0,88.0,-104,9.0
2025-12-27 20:04:22,NODO 1.2,27.45,78.91,1004.0,3905.0,87.6,-91,13.5
2025-12-27 20:05:23,NODO 1.12,26.58,71.17,1004.0,3915.0,88.0,-104,8.8
2025-12-27 20:05:25,NODO 1.31,26.14,71.28,1004.0,3881.0,87.5,-108,7.0
2025-12-27 20:06:03,NODO 1.20,27.65,74.19,1005.0,3891.0,87.6,-107,8.0
2025-12-27 20:07:01,NODO 1.18,26.58,79.64,1004.0,3881.0,87.2,-98,12.0
2025-12-27 20:07:40,NODO 1.30,26.81,72.09,1004.0,3945.0,87.6,-111,4.5
2025-12-27 20:07:47,NODO 1.1,26.04,71.57,1004.0,3915.0,87.6,-107,7.8
2025-12-27 20:08:39,NODO 1.9,26.82,68.61,1004.0,3920.0,88.0,-102,9.5
2025-12-27 20:11:42,NODO 1.29,26.54,70.41,1003.0,3900.0,88.1,-91,13.8
2025-12-27 20:12:03,NODO 1.27,26.61,69.88,1004.0,3631.0,85.6,-95,13.5
2025-12-27 20:15:04,NODO 1.32,26.86,83.73,1004.0,3964.0,85.8,-108,5.5
2025-12-27 20:16:03,NODO 1.11,26.77,71.29,1003.0,3984.0,86.5,-107,8.3
2025-12-27 20:16:20,NODO 1.13,26.0,72.18,1004.0,3915.0,86.4,-107,8.3
2025-12-27 20:18:58,NODO 1.24,24.98,77.05,1004.0,3949.0,86.9,-112,3.8
2025-12-27 20:19:18,NODO 1.10,26.41,71.32,1005.0,3915.0,89.8,-88,13.5
2025-12-27 20:20:36,NODO 1.3,27.0,68.36,1004.0,3881.0,88.9,-96,10.5
2025-12-27 20:20:56,NODO 1.8,26.76,77.91,1003.0,3915.0,88.2,-98,13.0
2025-12-27 20:22:28,NODO 1.5,27.22,68.0,1004.0,3891.0,88.0,-98,12.8
2025-12-27 20:24:02,NODO 1.28,26.63,80.93,1004.0,3886.0,87.4,-108,6.8
2025-12-27 20:24:50,NODO 1.19,25.72,70.62,1004.0,3915.0,87.4,-89,14.0
2025-12-27 20:24:54,NODO 1.25,24.6,76.31,1004.0,3915.0,87.7,-114,-2.3
2025-12-27 20:25:57,NODO 1.7,26.08,73.76,1004.0,3915.0,87.7,-102,10.3
2025-12-27 20:26:15,NODO 1.16,26.73,69.47,1005.0,3935.0,88.2,-115,-4.0
2025-12-27 20:27:20,NODO 1.21,26.33,69.81,1004.0,3891.0,88.2,-111,3.0
2025-12-27 20:27:43,NODO 1.15,25.66,85.14,1005.0,3851.0,87.6,-116,-5.0
2025-12-27 20:29:54,NODO 1.4,26.96,68.45,1004.0,3945.0,87.9,-100,9.5
2025-12-27 20:30:08,NODO 1.17,26.33,69.48,1004.0,3871.0,87.4,-89,13.8
2025-12-27 20:32:39,NODO 1.14,26.38,74.95,1005.0,3915.0,87.2,-89,14.0
2025-12-27 20:32:42,NODO 1.26,26.72,73.48,1005.0,3886.0,87.2,-110,6.0
2025-12-27 20:33:42,NODO 1.22,27.81,66.72,1004.0,3915.0,87.8,-98,12.3
2025-12-27 20:34:18,NODO 1.2,27.19,80.73,1004.0,3905.0,87.4,-96,10.8
2025-12-27 20:35:18,NODO 1.12,26.05,73.88,1005.0,3915.0,87.9,-101,11.5
2025-12-27 20:35:21,NODO 1.31,25.82,73.96,1005.0,3871.0,87.4,-110,5.0
2025-12-27 20:35:59,NODO 1.20,27.36,75.49,1005.0,3891.0,87.5,-116,-3.3
2025-12-27 20:36:56,NODO 1.18,26.15,79.92,1004.0,3871.0,87.0,-102,9.5
2025-12-27 20:37:37,NODO 1.30,26.27,75.32,1005.0,3945.0,87.4,-111,4.8
2025-12-27 20:37:44,NODO 1.1,25.78,72.54,1004.0,3900.0,87.3,-106,7.5
2025-12-27 20:38:35,NODO 1.9,26.4,71.43,1005.0,3920.0,87.8,-103,10.5
2025-12-27 20:41:39,NODO 1.29,26.03,72.7,1003.0,3896.0,87.8,-92,13.5
2025-12-27 20:41:58,NODO 1.27,26.17,70.47,1005.0,3631.0,85.4,-98,13.0
2025-12-27 20:45:00,NODO 1.32,26.56,86.31,1004.0,3964.0,85.6,-110,5.3
2025-12-27 20:45:59,NODO 1.11,26.4,72.38,1003.0,3974.0,86.3,-110,-1.3
2025-12-27 20:46:13,NODO 1.13,25.62,73.98,1004.0,3915.0,86.3,-109,6.5
2025-12-27 20:48:55,NODO 1.24,24.41,81.05,1004.0,3949.0,86.8,-115,-1.8
2025-12-27 20:49:11,NODO 1.10,26.0,72.45,1005.0,3915.0,89.7,-89,13.8
2025-12-27 20:50:31,NODO 1.3,26.62,69.5,1005.0,3881.0,88.8,-95,12.8
2025-12-27 20:50:53,NODO 1.8,26.39,80.31,1003.0,3925.0,88.3,-98,12.3
2025-12-27 20:52:24,NODO 1.5,26.46,72.0,1004.0,3891.0,88.1,-97,12.8
2025-12-27 20:53:58,NODO 1.28,26.27,83.13,1005.0,3891.0,87.5,-109,7.0
2025-12-27 20:54:46,NODO 1.19,25.24,72.81,1005.0,3915.0,87.5,-86,14.3
2025-12-27 20:54:46,NODO 1.25,24.05,79.43,1004.0,3930.0,88.0,-113,1.8
2025-12-27 20:55:51,NODO 1.7,25.74,75.49,1005.0,3915.0,87.9,-104,7.8
2025-12-27 20:56:12,NODO 1.16,26.48,70.85,1005.0,3930.0,88.3,-111,3.3
2025-12-27 20:57:14,NODO 1.21,25.88,72.27,1005.0,3891.0,88.3,-110,5.0
2025-12-27 20:57:38,NODO 1.15,25.38,86.86,1005.0,3851.0,87.7,-116,-4.5
2025-12-27 20:59:04,NODO 1.6,24.89,79.55,1005.0,3891.0,87.3,-94,13.3
2025-12-27 20:59:49,NODO 1.4,26.46,69.87,1005.0,3945.0,87.6,-111,3.0
2025-12-27 21:00:03,NODO 1.17,25.99,70.16,1004.0,3881.0,87.1,-90,13.0
2025-12-27 21:02:35,NODO 1.14,26.1,75.87,1005.0,3915.0,87.3,-89,13.8
2025-12-27 21:02:38,NODO 1.26,26.43,74.89,1005.0,3886.0,87.7,-111,4.0
2025-12-27 21:03:37,NODO 1.22,27.19,69.24,1004.0,3915.0,87.9,-103,10.8
2025-12-27 21:04:11,NODO 1.2,26.78,82.49,1004.0,3905.0,87.5,-90,13.5
2025-12-27 21:05:13,NODO 1.12,25.8,74.91,1005.0,3915.0,87.9,-109,6.5
2025-12-27 21:05:15,NODO 1.31,25.4,75.21,1005.0,3871.0,87.4,-112,3.5
2025-12-27 21:05:55,NODO 1.20,27.06,75.97,1005.0,3891.0,87.5,-112,2.5
2025-12-27 21:06:51,NODO 1.18,25.79,81.82,1004.0,3871.0,87.0,-103,10.5
2025-12-27 21:07:33,NODO 1.30,25.89,78.15,1005.0,3945.0,87.4,-113,1.8
2025-12-27 21:07:41,NODO 1.1,25.57,73.92,1004.0,3915.0,87.4,-105,9.3
2025-12-27 21:08:30,NODO 1.9,26.12,73.03,1005.0,3920.0,87.9,-105,8.5
2025-12-27 21:11:33,NODO 1.29,25.69,74.51,1004.0,3905.0,88.1,-93,13.3
2025-12-27 21:11:54,NODO 1.27,25.82,72.26,1005.0,3631.0,85.7,-96,13.0
2025-12-27 21:14:55,NODO 1.32,26.29,88.6,1004.0,3964.0,85.8,-109,6.8
2025-12-27 21:15:52,NODO 1.11,25.82,75.11,1003.0,3984.0,86.5,-101,10.0
2025-12-27 21:16:11,NODO 1.13,25.36,75.62,1005.0,3915.0,86.5,-108,7.0
2025-12-27 21:18:51,NODO 1.24,24.27,82.02,1004.0,3935.0,86.8,-112,3.5
2025-12-27 21:19:09,NODO 1.10,25.75,73.58,1005.0,3915.0,89.6,-86,14.3
2025-12-27 21:20:24,NODO 1.3,26.28,71.41,1005.0,3871.0,88.7,-94,13.0
2025-12-27 21:20:50,NODO 1.8,26.06,82.34,1004.0,3915.0,88.0,-109,6.5
2025-12-27 21:22:17,NODO 1.5,25.95,75.35,1004.0,3891.0,87.8,-95,13.0
2025-12-27 21:23:52,NODO 1.28,25.92,84.52,1005.0,3881.0,87.2,-109,6.0
2025-12-27 21:24:39,NODO 1.25,23.95,79.95,1005.0,3935.0,87.4,-116,-2.0
2025-12-27 21:24:42,NODO 1.19,24.91,74.17,1005.0,3915.0,87.9,-90,11.5
2025-12-27 21:25:48,NODO 1.7,25.53,76.99,1005.0,3915.0,87.9,-104,9.8
2025-12-27 21:26:10,NODO 1.16,26.18,72.97,1005.0,3935.0,88.3,-114,0.5
2025-12-27 21:27:10,NODO 1.21,25.66,73.2,1005.0,3891.0,88.4,-112,3.8
2025-12-27 21:27:33,NODO 1.15,25.15,87.89,1005.0,3851.0,87.6,-118,-9.3
2025-12-27 21:28:57,NODO 1.6,24.52,80.43,1005.0,3891.0,87.3,-89,13.8
2025-12-27 21:29:44,NODO 1.4,26.01,72.51,1005.0,3945.0,87.6,-115,-1.8
2025-12-27 21:29:58,NODO 1.17,25.75,71.48,1004.0,3886.0,87.1,-89,13.3
2025-12-27 21:32:30,NODO 1.14,25.88,78.09,1005.0,3930.0,87.5,-88,14.5
2025-12-27 21:32:33,NODO 1.26,26.17,76.56,1005.0,3886.0,87.9,-116,-3.0
2025-12-27 21:33:29,NODO 1.22,26.79,71.22,1004.0,3915.0,88.1,-101,11.5
2025-12-27 21:34:06,NODO 1.2,26.47,83.06,1004.0,3905.0,87.7,-92,13.5
2025-12-27 21:35:09,NODO 1.12,25.5,76.7,1005.0,3915.0,88.0,-105,9.0
2025-12-27 21:35:13,NODO 1.31,25.18,77.17,1005.0,3871.0,87.4,-109,6.8
2025-12-27 21:35:50,NODO 1.20,26.75,77.24,1005.0,3891.0,87.5,-108,6.0
2025-12-27 21:36:45,NODO 1.18,25.5,84.65,1004.0,3886.0,87.2,-101,11.3
2025-12-27 21:37:29,NODO 1.30,25.51,80.45,1005.0,3945.0,87.6,-110,5.3
2025-12-27 21:37:39,NODO 1.1,25.21,76.46,1004.0,3900.0,87.4,-108,7.3
2025-12-27 21:38:24,NODO 1.9,25.71,75.09,1005.0,3925.0,88.0,-102,10.8
2025-12-27 21:41:29,NODO 1.29,25.38,75.83,1004.0,3891.0,88.0,-92,11.3
2025-12-27 21:41:51,NODO 1.27,25.58,74.5,1005.0,3626.0,85.4,-99,12.0
2025-12-27 21:44:53,NODO 1.32,26.04,90.37,1004.0,3964.0,85.6,-112,3.0
2025-12-27 21:45:47,NODO 1.11,25.81,75.55,1003.0,3984.0,86.4,-106,8.8
2025-12-27 21:46:07,NODO 1.13,25.25,76.93,1005.0,3915.0,86.3,-105,8.8
2025-12-27 21:48:48,NODO 1.24,24.49,80.04,1004.0,3935.0,86.7,-112,3.3
2025-12-27 21:49:04,NODO 1.10,25.53,75.04,1005.0,3915.0,89.6,-86,14.0
2025-12-27 21:50:18,NODO 1.3,26.12,72.18,1005.0,3861.0,88.6,-94,12.8
2025-12-27 21:50:48,NODO 1.8,25.86,83.21,1004.0,3920.0,88.0,-110,5.5
2025-12-27 21:52:10,NODO 1.5,26.19,73.0,1004.0,3891.0,87.7,-96,12.5
2025-12-27 21:53:48,NODO 1.28,26.02,83.58,1005.0,3881.0,87.2,-110,4.0
2025-12-27 21:54:34,NODO 1.25,24.17,79.14,1005.0,3935.0,87.4,-112,2.0
2025-12-27 21:54:38,NODO 1.19,24.89,75.2,1005.0,3915.0,87.9,-92,13.5
2025-12-27 21:55:45,NODO 1.7,25.41,78.25,1005.0,3915.0,87.9,-105,9.3
2025-12-27 21:56:07,NODO 1.16,26.22,72.12,1005.0,3935.0,88.3,-111,3.0
2025-12-27 21:57:06,NODO 1.21,25.79,73.05,1005.0,3891.0,88.4,-110,5.3
2025-12-27 21:57:29,NODO 1.15,25.29,87.51,1005.0,3851.0,87.6,-115,-3.0
2025-12-27 21:58:52,NODO 1.6,24.73,79.96,1005.0,3886.0,87.3,-88,14.0
2025-12-27 21:59:39,NODO 1.4,26.15,71.35,1005.0,3945.0,87.6,-100,12.0
2025-12-27 21:59:54,NODO 1.17,25.76,70.91,1004.0,3871.0,86.9,-90,13.3
2025-12-27 22:02:25,NODO 1.26,26.13,76.51,1005.0,3886.0,86.9,-108,6.5
2025-12-27 22:02:28,NODO 1.14,25.82,78.27,1005.0,3915.0,87.5,-87,13.5
2025-12-27 22:03:27,NODO 1.22,26.54,72.42,1004.0,3915.0,87.8,-109,6.3
2025-12-27 22:04:04,NODO 1.2,26.34,84.24,1004.0,3905.0,87.4,-97,13.0
2025-12-27 22:05:07,NODO 1.12,25.55,76.26,1005.0,3915.0,87.9,-103,10.3
2025-12-27 22:05:10,NODO 1.31,25.41,76.9,1005.0,3871.0,87.7,-111,3.5
2025-12-27 22:05:47,NODO 1.20,26.6,78.05,1005.0,3891.0,87.5,-110,5.3
2025-12-27 22:06:42,NODO 1.18,25.52,84.13,1005.0,3886.0,87.2,-100,11.8
2025-12-27 22:07:26,NODO 1.30,25.65,79.38,1005.0,3945.0,87.6,-109,5.5
2025-12-27 22:07:36,NODO 1.1,25.23,77.85,1004.0,3900.0,87.4,-109,6.3
2025-12-27 22:08:20,NODO 1.9,25.99,73.03,1005.0,3920.0,87.9,-103,10.3
2025-12-27 22:11:25,NODO 1.29,25.44,76.23,1004.0,3891.0,87.9,-91,13.8
2025-12-27 22:11:48,NODO 1.27,25.8,73.18,1005.0,3631.0,85.4,-92,12.3
2025-12-27 22:14:51,NODO 1.32,26.11,89.53,1004.0,3949.0,85.4,-110,5.5
2025-12-27 22:15:43,NODO 1.11,25.85,75.52,1004.0,3989.0,86.3,-102,10.8
2025-12-27 22:16:05,NODO 1.13,25.34,76.42,1005.0,3915.0,86.2,-109,6.8
2025-12-27 22:18:47,NODO 1.24,24.28,82.16,1005.0,3935.0,86.7,-111,4.3
2025-12-27 22:18:59,NODO 1.10,25.64,74.86,1005.0,3905.0,89.4,-87,11.5
2025-12-27 22:20:16,NODO 1.3,26.13,72.68,1005.0,3871.0,88.7,-97,12.8
2025-12-27 22:20:46,NODO 1.8,25.76,84.09,1004.0,3925.0,88.0,-104,9.8
2025-12-27 22:22:07,NODO 1.5,26.2,74.17,1005.0,3900.0,87.9,-98,13.0
2025-12-27 22:23:45,NODO 1.28,26.1,83.66,1005.0,3891.0,87.4,-109,6.8
2025-12-27 22:24:29,NODO 1.25,24.0,80.28,1005.0,3935.0,87.7,-112,3.3
2025-12-27 22:24:34,NODO 1.19,24.9,75.2,1005.0,3915.0,88.2,-86,13.8
2025-12-27 22:25:44,NODO 1.7,25.3,78.0,1005.0,3915.0,88.1,-104,9.8
2025-12-27 22:26:04,NODO 1.16,26.07,73.57,1005.0,3935.0,88.4,-114,1.5
2025-12-27 22:27:02,NODO 1.21,25.68,73.77,1005.0,3891.0,88.4,-114,-1.5
2025-12-27 22:27:24,NODO 1.15,25.0,89.73,1006.0,3851.0,87.6,-115,-2.3
2025-12-27 22:28:48,NODO 1.6,24.54,82.13,1005.0,3891.0,87.3,-87,13.3
2025-12-27 22:29:34,NODO 1.4,25.97,73.17,1005.0,3945.0,87.6,-98,12.3
2025-12-27 22:29:48,NODO 1.17,25.6,71.73,1005.0,3871.0,87.0,-90,13.5
2025-12-27 22:32:20,NODO 1.14,25.85,77.46,1005.0,3915.0,87.2,-90,13.5
2025-12-27 22:32:22,NODO 1.26,26.05,77.62,1005.0,3886.0,87.6,-108,7.0
2025-12-27 22:33:22,NODO 1.22,26.22,73.75,1004.0,3905.0,87.7,-99,6.3
2025-12-27 22:33:59,NODO 1.2,26.12,84.36,1004.0,3900.0,87.3,-91,13.8
2025-12-27 22:35:02,NODO 1.12,25.11,78.89,1005.0,3925.0,87.8,-107,7.0
2025-12-27 22:35:04,NODO 1.31,25.16,77.5,1005.0,3871.0,87.4,-111,4.3
2025-12-27 22:35:41,NODO 1.20,26.38,80.13,1006.0,3891.0,87.4,-105,9.5
2025-12-27 22:36:37,NODO 1.18,25.27,86.87,1005.0,3871.0,87.1,-100,12.0
2025-12-27 22:37:24,NODO 1.30,25.41,80.27,1005.0,3945.0,87.5,-112,4.5
2025-12-27 22:37:33,NODO 1.1,25.11,77.39,1005.0,3900.0,87.3,-107,7.5
2025-12-27 22:38:15,NODO 1.9,25.61,75.31,1005.0,3925.0,87.8,-103,10.3
2025-12-27 22:41:21,NODO 1.29,25.26,76.79,1004.0,3891.0,87.8,-92,13.5
2025-12-27 22:41:43,NODO 1.27,25.53,74.39,1005.0,3626.0,85.4,-98,12.8
2025-12-27 22:44:46,NODO 1.32,25.95,91.21,1004.0,3964.0,85.6,-108,7.5
2025-12-27 22:45:38,NODO 1.11,25.7,76.06,1004.0,3969.0,86.2,-107,8.8
2025-12-27 22:46:00,NODO 1.13,25.0,77.04,1005.0,3915.0,86.2,-108,6.5
2025-12-27 22:48:46,NODO 1.24,23.71,84.88,1005.0,3935.0,86.6,-112,4.0
2025-12-27 22:48:55,NODO 1.10,25.31,75.91,1006.0,3905.0,89.4,-85,14.0
2025-12-27 22:50:08,NODO 1.3,25.61,74.45,1005.0,3881.0,88.5,-94,13.0
2025-12-27 22:50:44,NODO 1.8,25.44,86.17,1004.0,3920.0,88.1,-105,9.0
2025-12-27 22:52:02,NODO 1.5,25.6,77.49,1005.0,3891.0,87.8,-102,9.0
2025-12-27 22:53:40,NODO 1.28,25.61,85.99,1005.0,3891.0,87.4,-112,3.8
2025-12-27 22:54:22,NODO 1.25,23.32,83.42,1005.0,3935.0,87.7,-114,0.5
2025-12-27 22:54:29,NODO 1.19,24.42,76.72,1005.0,3915.0,88.0,-84,13.8
2025-12-27 22:55:42,NODO 1.7,25.0,79.07,1005.0,3915.0,88.0,-102,10.8
2025-12-27 22:56:01,NODO 1.16,25.27,76.31,1005.0,3935.0,88.4,-110,5.3
2025-12-27 22:56:58,NODO 1.21,25.27,75.39,1005.0,3891.0,88.4,-112,3.0
2025-12-27 22:57:19,NODO 1.15,24.52,90.61,1006.0,3851.0,87.6,-117,-6.3
2025-12-27 22:58:44,NODO 1.6,23.97,84.96,1005.0,3891.0,87.3,-91,11.8
2025-12-27 22:59:29,NODO 1.4,25.52,74.73,1005.0,3945.0,87.6,-100,11.8
2025-12-27 22:59:43,NODO 1.17,25.13,74.49,1005.0,3886.0,87.1,-90,13.5
2025-12-27 23:02:14,NODO 1.14,25.51,79.69,1005.0,3915.0,87.4,-92,13.5
2025-12-27 23:02:17,NODO 1.26,25.58,79.14,1005.0,3881.0,87.7,-110,5.5
2025-12-27 23:03:19,NODO 1.22,25.59,77.26,1004.0,3905.0,87.8,-99,10.3
2025-12-27 23:03:57,NODO 1.2,25.82,84.61,1005.0,3900.0,87.4,-91,13.5
2025-12-27 23:04:59,NODO 1.31,24.64,78.97,1005.0,3871.0,87.2,-109,6.3
2025-12-27 23:05:01,NODO 1.12,24.98,79.03,1005.0,3920.0,87.3,-102,10.5
2025-12-27 23:05:38,NODO 1.20,26.02,80.36,1006.0,3891.0,87.4,-112,3.5
2025-12-27 23:06:31,NODO 1.18,24.87,86.0,1005.0,3861.0,86.9,-100,11.8
2025-12-27 23:07:21,NODO 1.30,24.99,82.64,1005.0,3945.0,87.4,-112,3.0
2025-12-27 23:07:29,NODO 1.1,24.79,79.44,1004.0,3900.0,87.7,-110,5.3
2025-12-27 23:08:09,NODO 1.9,25.27,76.95,1005.0,3920.0,87.7,-101,11.8
2025-12-27 23:11:19,NODO 1.29,24.84,78.62,1004.0,3891.0,87.7,-91,11.3
2025-12-27 23:11:38,NODO 1.27,25.02,75.35,1005.0,3626.0,85.3,-98,10.8
2025-12-27 23:14:41,NODO 1.32,25.68,91.89,1004.0,3964.0,85.5,-108,6.8
2025-12-27 23:15:35,NODO 1.11,25.39,77.2,1004.0,3984.0,86.3,-109,5.5
2025-12-27 23:15:55,NODO 1.13,24.71,78.7,1005.0,3915.0,86.3,-113,3.0
2025-12-27 23:18:43,NODO 1.24,23.23,87.42,1005.0,3935.0,86.7,-111,2.0
2025-12-27 23:18:51,NODO 1.10,24.96,77.48,1005.0,3915.0,89.6,-86,14.0
2025-12-27 23:20:01,NODO 1.3,25.34,75.71,1005.0,3861.0,88.6,-95,13.8
2025-12-27 23:20:41,NODO 1.8,25.07,87.25,1004.0,3925.0,88.0,-110,5.8
2025-12-27 23:21:56,NODO 1.5,25.0,79.44,1004.0,3891.0,87.8,-100,12.3
2025-12-27 23:23:36,NODO 1.28,25.14,88.16,1005.0,3881.0,87.2,-107,8.0
2025-12-27 23:24:13,NODO 1.25,22.92,84.96,1005.0,3915.0,87.2,-116,-4.8
2025-12-27 23:24:26,NODO 1.19,23.94,77.47,1005.0,3915.0,87.8,-88,13.8
2025-12-27 23:25:40,NODO 1.7,24.77,80.9,1005.0,3915.0,87.7,-102,10.5
2025-12-27 23:26:00,NODO 1.16,25.32,76.55,1005.0,3930.0,88.1,-110,4.3
2025-12-27 23:26:54,NODO 1.21,24.96,77.14,1005.0,3891.0,88.2,-109,6.8
2025-12-27 23:27:16,NODO 1.15,24.32,92.28,1006.0,3851.0,87.5,-115,-1.8
2025-12-27 23:28:40,NODO 1.6,23.58,85.8,1005.0,3886.0,87.2,-91,14.0
2025-12-27 23:29:24,NODO 1.4,25.18,75.31,1005.0,3949.0,87.6,-109,6.0
2025-12-27 23:29:38,NODO 1.17,24.87,75.74,1004.0,3871.0,87.0,-90,13.0
2025-12-27 23:32:08,NODO 1.14,25.21,80.75,1005.0,3915.0,87.2,-91,11.5
2025-12-27 23:32:10,NODO 1.26,25.43,79.8,1005.0,3881.0,87.5,-111,4.5
2025-12-27 23:33:16,NODO 1.22,25.51,77.16,1004.0,3905.0,87.7,-99,12.0
2025-12-27 23:33:51,NODO 1.2,25.51,86.23,1004.0,3900.0,87.2,-97,11.0
2025-12-27 23:34:53,NODO 1.31,24.56,79.58,1005.0,3886.0,87.4,-107,6.5
2025-12-27 23:34:56,NODO 1.12,24.83,80.38,1005.0,3925.0,87.5,-104,10.0
2025-12-27 23:35:33,NODO 1.20,25.92,81.24,1005.0,3886.0,87.5,-113,2.3
2025-12-27 23:36:27,NODO 1.18,24.64,86.33,1005.0,3861.0,87.1,-100,10.0
2025-12-27 23:37:16,NODO 1.30,24.73,83.5,1005.0,3945.0,87.5,-117,-8.8
2025-12-27 23:37:24,NODO 1.1,24.57,79.48,1004.0,3900.0,87.7,-106,8.5
2025-12-27 23:38:05,NODO 1.9,25.1,78.01,1005.0,3920.0,87.6,-103,10.8
2025-12-27 23:41:13,NODO 1.29,24.66,79.54,1004.0,3891.0,87.7,-90,11.5
2025-12-27 23:41:34,NODO 1.27,24.73,77.23,1005.0,3631.0,85.4,-94,13.3
2025-12-27 23:44:34,NODO 1.32,25.47,92.15,1004.0,3959.0,85.5,-108,7.0
2025-12-27 23:45:30,NODO 1.11,25.19,78.0,1003.0,3974.0,86.2,-104,9.8
2025-12-27 23:45:53,NODO 1.13,24.5,79.53,1005.0,3915.0,86.2,-110,4.3
2025-12-27 23:48:41,NODO 1.24,23.01,87.94,1005.0,3935.0,86.6,-113,-2.0
2025-12-27 23:48:45,NODO 1.10,24.77,78.91,1005.0,3915.0,89.5,-84,14.3
2025-12-27 23:49:59,NODO 1.3,25.15,75.98,1005.0,3851.0,88.4,-93,11.0
2025-12-27 23:50:39,NODO 1.8,25.1,86.57,1004.0,3925.0,87.9,-110,4.0
2025-12-27 23:51:51,NODO 1.5,24.99,79.55,1004.0,3886.0,87.6,-102,11.3
2025-12-27 23:53:31,NODO 1.28,25.25,87.94,1005.0,3886.0,87.1,-105,8.8
2025-12-27 23:54:05,NODO 1.25,22.73,86.14,1005.0,3925.0,87.2,-112,3.8
2025-12-27 23:55:35,NODO 1.7,24.57,80.79,1005.0,3905.0,87.8,-104,10.3
2025-12-27 23:56:00,NODO 1.16,25.3,76.26,1005.0,3930.0,87.8,-115,-0.5
2025-12-27 23:56:50,NODO 1.21,25.06,76.08,1005.0,3891.0,87.9,-110,5.5
2025-12-27 23:58:35,NODO 1.6,23.56,86.95,1005.0,3891.0,87.9,-87,13.8
